cookie_id,score
ck_315fb710a0e371e7,0.0012407439801582353
ck_a76ee3b3e3e522fd,0.02720505904064416
ck_94c9a4d382689e82,0.025849795228380597
ck_8eaf9509ad9462a0,0.00033885214119595055
ck_9a88a5a989cb5bc6,0.008365683943990062
ck_15239ef0689c1a35,0.06121955208885776
ck_8de69cd219d3b87f,0.7755442973216905
ck_f92cd37022b0ce21,0.006689106583909876
ck_1a3ff7620580a514,0.0031852038669895736
ck_397c03aa33a57310,0.13010065387594869
ck_a7cf6c3b322f6b7a,0.010713411219074624
ck_c39a9e75760e3201,0.002587186327782944
ck_88ab6d245228c38e,0.00025759709307787026
ck_17733f75ebdea93e,0.001740766931208858
ck_58eb871e8d7bed52,0.01390096933497193
ck_e55b7fa67db1ec27,0.0007610434904985414
ck_62f5cfe22c952694,0.0035357750636660396
ck_7fbb709a0fe95759,0.0012391865207165447
ck_87abe9cd066a20fb,0.007770840603638196
ck_d58e058b5c553dd5,0.005934338797103182
ck_d27b872648b71202,0.0015011168681888108
ck_4b4a3c5b95c55b43,0.00020964862337193846
ck_66dd4f4b4127256d,0.00048523712884419667
ck_93cc12703b500613,0.12083902385353534
ck_d28806a2179092eb,0.9966549774488006
ck_0595c2a0c7881e05,0.002299547225386433
ck_50087d8666191144,0.38289559291200176
ck_b08b3f089138c901,0.011388638028476778
ck_fe3b67041dad2dd1,0.0012854311331312004
ck_8449a28f7d475d93,0.008411502241556805
ck_8642e3b6d84f49d3,0.009703935033514183
ck_e49b5e4f2f2e79db,0.19470168088850107
ck_437afe412ea4259c,0.05748483731933913
ck_569b83668d74042d,0.9376986970991207
ck_233a487d31c3e631,0.9952222770834028
ck_1fca72e03143a645,0.921365443955299
ck_79205e31223df2ad,0.013080701453539095
ck_9625a64406ea16e3,0.0019955112378601506
ck_079bd18dacb704a8,0.02904663268952175
ck_4db6d4fd2b49aa81,0.01757440232244818
ck_0dbefdac0a1868fb,0.0007299337678662686
ck_24ff97ad90bdd69a,0.03096241767217675
ck_77f8c5042065d506,0.002268849428795041
ck_f11be8ce05382cec,0.00646137039927354
ck_c9d72140b0389216,0.003453222258685905
ck_69eda24e931fb36a,0.0005679838692010655
ck_ed471e496916ee15,0.000764456459425414
ck_ff090498c4b17ac3,0.0033264562272206036
ck_c3c19d6a0720915c,0.0008441313255163028
ck_af02e1817cfa40b5,0.022109553871205844
ck_2df5a9fc87553eb1,0.003493189742882473
ck_4ac918e884cff336,0.006183823868959378
ck_ca149244b54ef3ad,0.00020550888174204895
ck_6babe5b8674ff51f,0.005374730408207109
ck_1573878386886290,0.0015067621676387837
ck_3925f8565abb7fe4,0.0016647143506621877
ck_c4de808ae69c771f,0.0007760321609076629
ck_a777c813551281fe,0.005825488031586085
ck_df4424f6dd85080d,0.05626295717544554
ck_85e5494ec20383ae,0.013234970914433113
ck_f71a4094e889c3af,0.002127131427887389
ck_f2f3cf9cd23b2809,0.0069629334333520775
ck_18e2076397bcc211,0.016984670638153537
ck_c9f9fddef39bc664,0.013808194752685363
ck_7e826e233d6ea028,0.0019999960625119904
ck_62fd7eb46bee9210,0.006395548019331686
ck_206f8e3cd72768f3,0.020536350119601213
ck_aa295a11b0a6ab36,0.004950609195673409
ck_9a56739d81f84a53,0.001163545662617352
ck_aa075c418ed9fe5a,0.015416940938666615
ck_62b9fb3db284941b,0.005066994642487462
ck_f4f83b1403ebea46,0.010158131032141434
ck_16b66bd803288bc3,0.42749214564951865
ck_c4ca1434f3778f1d,0.9969858973125527
ck_1b823610371a29c0,0.004639964925832935
ck_c2bd5a722aa637d9,0.0030996630733633314
ck_7890208951df34f0,0.00498659254233579
ck_020eb0e454524ecd,0.0019716395696237742
ck_3b66196ccf436c35,0.0014642119718593317
ck_109fc467ec0a4af5,0.01712007764064315
ck_f3dcd818db92de7b,0.012513836681250293
ck_31e7742f160980ef,0.009155452757575823
ck_77fce5f86f00b8f4,0.5278015535119552
ck_46bc797b4d07d607,0.0009132008770874382
ck_37899b1b571b1c6b,0.052854711572034176
ck_ef8a6af43fedd464,0.000504261353049558
ck_bcc8519fe8521038,0.02199923251146714
ck_90696b7182dd9129,0.016218100216635813
ck_4a24ad61d017e1ba,0.01058876721913198
ck_0acc3d8c67218b9d,0.00125014924627529
ck_05c97fc9de11aba6,0.35173390844262137
ck_f8ac3a0500c0ec62,0.003696053557116826
ck_617b65141f546a1c,0.004908497191119714
ck_9d00823bf60388d7,0.005106017565560465
ck_123c15d93f1840f2,0.036670761271506334
ck_573feefba6bf78bb,0.08666853237502033
ck_b25657bd16739036,0.004822803697455198
ck_bd26d2bef14a8597,0.0031502762886169463
ck_a553418f2fba1440,0.006660391556632236
ck_89f3e380b0686963,0.010596894794441194
ck_b359192aa659bdce,0.008571384404749713
ck_02241f3dc301bebf,0.015689386885406567
ck_5ccc1a1c78cb33ee,0.029830720766920116
ck_349cc5edda1b8853,0.006153834833500763
ck_e9f228845bf6e28b,0.08323667176911528
ck_0a45d033d4e280ea,0.01370478377577889
ck_7e63168dda612235,0.0010670951876539112
ck_676fa5f6aae5475b,0.001176928104091109
ck_74b502b20690ccfe,0.011048914798595705
ck_073509af21dd7f5f,0.8585653493970303
ck_498a0acd450944d8,0.0005578234492781504
ck_7f15b50b29dead01,0.004612955404750262
ck_8089fe7403c5f537,0.0023498149460259104
ck_05b2b04e11d9ae9c,0.007890496802010845
ck_31e70f2f04b48b88,0.0003989534013990794
ck_994316fa5a02b319,0.0012976151745218247
ck_b76510998b9a2260,0.002632939003101114
ck_4db95c310e105d30,0.0006429446392772562
ck_6f730b77dc6cdb84,0.0012579654119188857
ck_2493ee8e7b91d304,0.011674754074518854
ck_92d679d6ac7dcdcb,0.013287492714548542
ck_3a0e0200cbb185cb,0.010149787703174963
ck_0b2eeb4e00ff7955,0.010208633874082435
ck_9843d0e61c37ebe8,0.9942702245164082
ck_e61c8721e3ef1921,0.0037722910784259004
ck_2e0eedaaf2980c2c,0.003638547267588651
ck_9036b2e5e9298a34,0.0035464061466075475
ck_3265442528d51728,0.3293344967246265
ck_f2ddae2eb1cb29b4,0.006207110284854919
ck_6cfa71d27fc27f92,0.01625514763456593
ck_f3199fbe84a28b9a,0.016326351305386753
ck_b78d785ca3ef773a,0.0071943308339323135
ck_374865697f1480eb,0.05403676574665953
ck_06d0e4a9189302a9,0.0060730905920271345
ck_9c9884b9bcaa552e,0.15843402876746074
ck_fd4cf578e87703ff,0.009863760456219025
ck_1917ef3e6e345549,0.10910867082362463
ck_e70418b00cbbbac9,0.052195227649452176
ck_a60388296a47062c,0.020509297591925043
ck_d598fe8d2c779ab9,0.005461987138063801
ck_646dc03de4c31803,0.8945589216796996
ck_e4fd8cbd842b6993,0.0014615255694425562
ck_2225b555aa2a42ed,0.08774284423801697
ck_6be8ae9d78148882,0.005184580850070946
ck_4199342d3aca74e8,0.022167047272960583
ck_779581adb573261f,0.04960668354071601
ck_bb303568b6915205,0.08199447888530559
ck_17c4296276448afe,0.0018523715174344115
ck_a60a61ac829252a0,0.0042854738354827825
ck_6ea70950c1cae00b,0.9631550782707569
ck_1abb93f6924645e1,0.006108285076380317
ck_faab769cce19879a,0.04513800192022912
ck_d5b8e74e7ca6355a,0.015602499148046548
ck_f11f7691af16ad07,0.0004648243841002455
ck_188fdf2be7c92e9d,0.9975668614893801
ck_4a103f8254b366f7,0.006345105732348931
ck_bfa17a0b1760e616,0.0008609346539804849
ck_a4d7f6a5869d440a,0.9544965099475347
ck_58e20f5a3e7f11b8,0.5851241044506591
ck_4becdd3d2696c7ba,0.0017920916111284265
ck_dad5cf32ab9f243f,0.003092606753157873
ck_7d9f73dc7c4f90c3,0.05391478052127655
ck_c19371047a2d011d,0.00082237471505087
ck_247589ff532f7aa8,0.005150817484029427
ck_7a9f241d5f082567,0.0015735006544978422
ck_0a2b7078736b4dda,0.0016748859353336767
ck_687b412e2aac7eb6,0.03804470596115104
ck_fce0b6855886a0b8,0.002003751488590451
ck_e291cc60920456d0,0.6117333299812301
ck_04219a7ea798db51,0.05578349104696161
ck_286bfd719836e9f3,0.06327908536724365
ck_55efc92394fee232,0.00608609206146381
ck_e36c8da1bd359960,0.00946625391912412
ck_34b0988a97d96902,0.0012931745719393971
ck_e0fb11fc9dcb34e6,0.016080778567933066
ck_bcc9cbc9ed8b7c31,0.006717264346562842
ck_3df8da6f60a89a5b,0.013720303755407942
ck_b1495ee5c59a6b28,0.005597632949242501
ck_58f4c3ac61fda129,0.057204115848583294
ck_735f244b99e3aa8d,0.009913846050296075
ck_6b93bd8abf87b1d6,0.9747244422938858
ck_12107dacc6d05bd1,0.001202521682333291
ck_f96db2a1f3448d1f,0.015641496907963487
ck_8fd91a3c99e19097,0.024736967637979713
ck_910205d25388a0ae,0.00043413029281463
ck_d229dfa0e4442628,0.000358667456298717
ck_7cdec61e1c488798,0.060048533626423505
ck_f66f06e24ff32671,0.007562628941903491
ck_350bf14e90b503f5,0.004828717555286194
ck_61fff5fdaadd394b,0.002742958970247476
ck_e934f984bad2ff91,0.8783478855316491
ck_ff6a6d3547dd2d37,0.022734326836880318
ck_65ad9b15979e3247,0.012587816772923055
ck_bbe1a2ea5a403ad8,0.5060017174112114
ck_6f3a28eecd2c4031,0.01322329780847775
ck_a89b66665714058f,0.0037833519910849163
ck_918c92182b6817cd,0.01713070163209078
ck_64f5eb4be9e7b8fa,0.9322294929700493
ck_d021fd497ea35fb2,0.005977036446793753
ck_004de16f7d8a42ae,0.006285640005602086
ck_a33d2325f86ab12d,0.0016314127189976165
ck_89790ff26c844bc6,0.0038190269343632275
ck_e6e7257377c37b28,0.04919276747934703
ck_a2cc3910a641a808,0.5940265313287986
ck_646e270e0195bf05,0.002899346953773321
ck_baba5d66def0d770,0.04871589216662287
ck_67cdcdda3033842d,0.023135332512198115
ck_b5c3075c811a2216,0.006419232371165141
ck_515379973a8044b8,0.0031935103627893156
ck_c0ce85fb4109567d,0.039566391762942243
ck_fef850553862aaca,0.0008084013769945826
ck_55d7217b0aff9fa2,0.00434511218760363
ck_8e139f8925ef7968,0.005746534096036101
ck_9e35b908fca1e4d7,0.0010603796024270568
ck_59735f4ab2ad3da5,0.004673729423147761
ck_dc569c1167ccec0d,0.9619032301743103
ck_1dade5592f90a15c,0.035345608619839444
ck_793048d11fb8b328,0.2020880310277544
ck_545b71eb4fa594b5,0.00042129320312142327
ck_bd30853e9a57b544,0.0032629665006825848
ck_59f46321ecf6d306,0.004459516468434347
ck_260cfe9141d249f1,0.33736623755453216
ck_3365a0ad1a8aa83c,0.0023595591919570113
ck_b0ef193195a2138b,0.003179889069750336
ck_0f909705e2e60f2f,0.0013576450053967343
ck_5a540b75c866166a,0.022740577425352654
ck_87c26b2f41025109,0.9941545541415411
ck_27acc9f320cda104,0.03623171057585043
ck_a27bc31eecd9cb9a,0.001489093553778597
ck_115d86fabde77b65,0.0012864272461338409
ck_eeca179341d56f8a,0.5853781454354386
ck_8e5999c436cf037e,0.0002756767292451815
ck_510e7c5df1f95d90,0.9956573517420382
ck_f1acf73363925958,0.005356159391003731
ck_3c177f5970b68bd3,0.005492965140032027
ck_9cdfaa1c30cc9d32,0.0004775724644294459
ck_c8efa1538b37c359,0.006683789982388984
ck_a8a2e296f9804bd7,0.0658329472222733
ck_91a0ca45f429568d,0.006493942710821102
ck_5fdf8a0bdbd3ed62,0.005421953286916519
ck_0f4e2ec66d50da5f,0.0010968555825033662
ck_28c53b214b2ee882,0.05186438406298279
ck_003148504557f720,0.016439870497491547
ck_01d840cffb870615,0.3464389544164965
ck_555848d51f4b5f35,0.013349153979471654
ck_df20cc23b8fb8e22,0.005760623390305718
ck_f9604adde929beff,0.0012156271806420072
ck_d66952b03591bdec,0.002484615385115664
ck_ddcac1ab765ff61a,0.011199467017661205
ck_347386629d96c664,0.0030611483786959367
ck_ab01db9117acfe3d,0.0018463389184930207
ck_58e5359efc52e0ad,0.001815309816424474
ck_1a524b5cc8da71b3,0.03146788375891788
ck_e9287b6d909d731f,0.0015340701857240752
ck_bb41a66e3d90263b,0.1560388447956754
ck_e95c8cc1864bd584,0.0013165311485667582
ck_7a3f2961e9a8b6dc,0.0034725333360098067
ck_378a9df82b1e0bee,0.14817417433719673
ck_42633573639a3f02,0.9961168706670347
ck_2a5a4c18c2c7274b,0.0079887299776938
ck_77549c1a41f837c3,0.009150869216009558
ck_a26704b5b26258b7,0.003456291634337205
ck_9874ad160efddf50,0.0034798589087064982
ck_9111e3a04b14dfba,0.021306759628975363
ck_651e076ee43aea85,0.0021740313358883977
ck_391639c0f13932f3,0.0003442339296619884
ck_02dbabda93c8c13d,0.01684455223672978
ck_0adcb1fffcb0a34b,0.011513481455148385
ck_7a43ef9c7b1c67b5,0.0009712385499395745
ck_4b9dd69946438d0b,0.004946549385346367
ck_90bf017cdd37b66e,0.04727471542344808
ck_61c74163eb36556e,0.0066359909134545555
ck_13376c59b5bd6943,0.0013451704450992187
ck_62337eccb1672737,0.0032299556785439
ck_16077934338472bf,0.0009437247007698773
ck_0d4dfd93086e7330,0.003044977532456744
ck_3865b7525b910893,0.0104125635828633
ck_7e2ae8b69ebd5675,0.004176264212971462
ck_b4384b6c11766ce7,0.006980051551123957
ck_3d7fa32dfb9fc692,0.038412319581058514
ck_f4a6a7cadd6e0603,0.1285657929901757
ck_212525e2828a6c45,0.002282158689817203
ck_33ad8d53394ba77a,0.6529960181562496
ck_a5051eafe8b51224,0.00770933887809178
ck_f65e5ff7da565f91,0.0025176472759501902
ck_5c37f7563fa7591d,0.004392018932057502
ck_f1e0a006068aff29,0.008027871683542175
ck_c646cdead6fb79d0,0.004020086241525248
ck_f8b3cdffef535330,0.02956971069379415
ck_e5cdbe3aa12c97f6,0.0015206304074074153
ck_986e4e61440506d0,0.8898287719637321
ck_6da9c5912e15d9a8,0.0028198452515075796
ck_51d842e6dae74c71,0.0013055457309293294
ck_5fc65c24e0736d5d,0.9851895177226506
ck_babb95a76c69509d,0.01697763066774061
ck_86a2d852a9715432,0.03399784062220868
ck_db4083a0d043def8,0.18635444770923493
ck_96953b8945b7d403,0.0051630024354193055
ck_7831ca5c31fb3859,0.02966077076796923
ck_60ac5e5f375daa38,0.024456740210525022
ck_05d44eb1f5f085ce,0.004981066079339612
ck_432cc19c7eeaa46e,0.010282157969615575
ck_7fc513033af061af,0.0307751026723589
ck_ada6ede84c111719,0.0022860736827590056
ck_6343e0d3b1c2962b,0.004450382464220471
ck_010264ae04f2e902,0.08219367191861975
ck_e9dcf535f8c289eb,0.059263028227961645
ck_37143d9cc296e6fa,0.003359460808651366
ck_61fa051192f3e810,0.011235792076000428
ck_f9f93d1d41be1468,0.5548866109474528
ck_c4f4f28457be8a74,0.0007980909127559238
ck_323a71f9452d21cb,0.9600112053082247
ck_170f4688e0acd875,0.0526593318635335
ck_869b1878d09d230d,0.2674194545020738
ck_2f6b33bf46976229,0.0005792764862499624
ck_b11e22e75d9b99de,0.0006686168731108213
ck_123d75ffb75b606d,0.002680805703580248
ck_94295287a04c85d2,0.3944070514422857
ck_1b0434f096795328,0.0006597208952048291
ck_0a4e191cd0a57ce1,0.0015114486663458896
ck_d2fbd0df99634676,0.005922714925776587
ck_d51df5e9fbbbcc94,0.03965931093212267
ck_2d3d7d64a6f443f8,0.010776116839661542
ck_731943c682c9394e,0.054766668675211135
ck_5ccc0c94e5e1f849,0.011343577390741216
ck_c3476080516db25d,0.013575638835699537
ck_5010ffb1c94187b5,0.0011874063124565216
ck_7ef666d67bc70223,0.007073779686049935
ck_c1b493527224a27a,0.0008656498924080009
ck_5d1e25d7acc5af9a,0.005116563716401817
ck_ec30b61cbf517db8,0.0008654393010537956
ck_79323eb5d2e5efae,0.0023941538800967446
ck_4085cd3bf2661518,0.007387029537761964
ck_2ca91214c357c072,0.11388145857147575
ck_7f3132d6be389657,0.01646504236475965
ck_e7a6b925c8f39a85,0.01842758234327304
ck_c886adec7bac250a,0.014026724558419875
ck_c3f360c2d0ea0a37,0.004959716934514162
ck_a7acd5b015823793,0.002882307462947167
ck_9d64187c0800f84e,0.006241852781534548
ck_5d4ed73b9efd7d11,0.0026319071142598734
ck_874eca6776b34dec,0.000537632723141203
ck_96a9221a87be93c3,0.030600586249956183
ck_68dd79a51eabf5e6,0.005336723102149255
ck_8311cb6755b2016c,0.0010360557566892268
ck_16fc77b2bcf5ec03,0.9694922731667619
ck_ad9e2088a33c8c72,0.0003894965778651239
ck_7176bbc97b1e42a1,0.0011950403954985687
ck_80dfa54b30f65fff,0.9151000945087732
ck_31c54d540b128843,0.0018674482219743045
ck_43ea894480567274,0.017142211771400077
ck_9c9e8a38bd5a6c88,0.006358315008249355
ck_1c2dcae19539e148,0.013983995018311266
ck_b0fa8b84e94d8ae0,0.019985177043333444
ck_4ceb43ccd0a81c2f,0.006304978388174887
ck_ba845332b730b596,0.0015640872329491812
ck_73d3e8c6077f61e6,0.029432253436870823
ck_b5d0d223ef56473f,0.007120382891995892
ck_949f08f8e80e93ea,0.0016034971393242955
ck_73de0b49709e5f8c,0.003146812612094607
ck_b5935e9722a39819,0.06551427012016704
ck_96247fee0eb44420,0.0035932110346481583
ck_a6def1e4b2d57e0d,0.010093034984336969
ck_aecdc5a96321a2d8,0.005363164161126203
ck_bc61c59970f8de49,0.02099215629851633
ck_c43b4175fc9ac5bd,0.9252364859959323
ck_8ff7a9b23a55fd62,0.005724748339448331
ck_20c99b645f462449,0.0019796209201175326
ck_a5ce2ae36fb410d9,0.0003418780697059441
ck_96fb9bf556842bbc,0.007215828426925038
ck_b5e4c6dbbed1b773,0.02947210482921256
ck_2085433978e72ea9,0.016548003000990533
ck_2c6b174b063ec637,0.014828249279822117
ck_b20b81b88dabe28d,0.0025741311433821377
ck_243c18dbf150831c,0.0020953347064245316
ck_2bb6a17e8eee35cc,0.027780251023155
ck_66147fb994495396,0.04415615448675134
ck_73f124f075ede0fc,0.003958039355510096
ck_2e315f1b1e533dab,0.0011542002889147098
ck_16c7bf94ed3e7a6f,0.0012596730857154317
ck_4a0eae220a762ac5,0.010059113108306162
ck_dc16f939c2f44ad8,0.03712732346951207
ck_817926b449754917,0.003670756721866062
ck_0c0dde42ab64ef87,0.008956838688975649
ck_cb3a40594da6a2ee,0.029925615573116415
ck_d0dc156441fcfdcb,0.017561731013519318
ck_66f0945add423e9e,0.007584234935536366
ck_a74f6a3030f5d495,0.014571772441061835
ck_1ae460f331e49ae2,0.014489189502241845
ck_2d177b2f4f0b40c9,0.5661653017386563
ck_92e474e4368c4791,0.008624473832329605
ck_3dee83fa2d109484,0.0006259258729526379
ck_80e5ea27848069fe,0.0008158919866884537
ck_ed0c4a83701ca230,0.0033281271448965927
ck_0b8b7c5c581fd161,0.0003665450903648359
ck_60bf8a2870956fb1,0.005825862627511097
ck_73a54b56a2bf35fe,0.7501096957412203
ck_2296d7a563424883,0.0017542976366497337
ck_bc19c383560c7477,0.005345264579738306
ck_861d8e3d88f1079e,0.05861336441368704
ck_3f090fc96c24eb28,0.0027017881342570505
ck_9a6a1f8102febfca,0.012545652368535906
ck_541b6ad5d2fa5a39,0.008719524816636142
ck_a760d38d1bc4de97,0.0027724917870302515
ck_7dca4d7ee10b4eeb,0.0006781514837750346
ck_15220e78d1545e40,0.005464992940868844
ck_ca24bb0de508efb0,0.004120790042462033
ck_56b389627d8f02c5,0.9439891591209877
ck_48a6754977a44db0,0.004195651814438884
ck_333a43ec339a04cb,0.008795996203500103
ck_f22aacaf86a65d7e,0.13974028056061222
ck_04bd8a1ffaf3ffd8,0.000645676410196004
ck_2737a72de6b700f3,0.0872042904337802
ck_c35e03b0dd0c3454,0.007290212470932953
ck_e0571312f395cd94,0.002887954237030375
ck_09fab6b9825001b2,0.0005684887989045144
ck_18c3a095606209e8,0.0034879011463607354
ck_2a97db9377d01e36,0.0016249407742342785
ck_f29dbbfdd2786bd1,0.009384795963215961
ck_35d6c510ad29362e,0.6492439995626023
ck_5468fa99c945d785,0.003056948257312108
ck_6f8102f62c876cc9,0.009564450870646985
ck_91955aab3424ad16,0.003054606536046967
ck_9a43c0c73a39d759,0.02578238616165633
ck_60b023af6d1e30bf,0.8485573933290956
ck_9704c5cf8659cedc,0.012343005836517632
ck_7e5f02b51b9f78bf,0.03229359631977833
ck_7d3a88d1aa649708,0.8563699619810793
ck_8250eddc1ecb07a0,0.06028416265691877
ck_d979ef95ee44023d,0.014520159122449014
ck_5e5461dac83531ac,0.009348376922389061
ck_d1bb8890081e0a31,0.009133348770624591
ck_32246c62640648d9,0.0006244737267382658
ck_77a40c7d2f862a32,0.015787056854940525
ck_1c8b94efe9238f5b,0.0014186949457668807
ck_eaf3b6d11bc3cb11,0.001272181097484904
ck_a4a7ef3ad799c380,0.005717580051722855
ck_d5bd8f68da073cd8,0.004353559994208457
ck_6e6258227fc8db7f,0.0008965013040233603
ck_c35d444e05799db6,0.008568889537929296
ck_74665e1209140ae8,0.015280038363951795
ck_353a272478f7e903,0.0030620274255500745
ck_a2c9796ea229a4e2,0.001996972613302631
ck_e0171f91cb3411fe,0.00637688912476943
ck_703499f5410280f7,0.0016621499903005643
ck_ae3a763997f8f385,0.039560903456693004
ck_f7ff94c3df5ac874,0.007415089608490279
ck_f3c16d8f747db046,0.06190529651025042
ck_7ef019ed77276496,0.0009794255617399878
ck_d6a4faadab58a3de,0.00411885944329638
ck_ba7b78d31d74c794,0.008574885085734568
ck_36287d063350ce9d,0.002328890069624383
ck_5177fc7137ff26ce,0.0010142514192429126
ck_dfd4e79aaa967b63,0.005667874278597158
ck_fb44d15fb93a7157,0.03345043319751805
ck_fca478361870a4ca,0.0041194324324228685
ck_e57b94fe57341058,0.004951604172937661
ck_5448c946cc4758fe,0.007871950476419998
ck_c5ece5ffb8800ad4,0.005357274704015028
ck_11cb98211b2ed134,0.9457130452124235
ck_f655399ac75c4450,0.004018896201633613
ck_c817259019588d30,0.0041243839300767774
ck_8740a14d8096c6e1,0.021737718300022416
ck_0c5ba86f4e05b38d,0.00985796415954601
ck_ccc917533d4b73d4,0.003972519966112357
ck_9eb80edfa43203de,0.001999527920805787
ck_d1a1cf4cf61d6801,0.012391019937827173
ck_b17c239f160e6017,0.0050550827043983615
ck_410c3e13b48e0415,0.0009933095522201376
ck_ab553954435e8854,0.9105695524235587
ck_bdbb4230c91e1604,0.015202143193496345
ck_8fd4937eadd64fb6,0.001060647946752255
ck_e0e90b196bef3c11,0.0003645721349671683
ck_3dc4d464386f0eb2,0.0510432985951093
ck_51bbbf8f8e8ad005,0.9978259431559356
ck_c05737ab74cf03c6,0.3726864400883696
ck_dceabbe04d99afc2,0.0007525285762250574
ck_5b86fd14e85bc9c7,0.7853367551758336
ck_d4febf0083800424,0.01583255279911839
ck_77d9f86dcf251739,0.0035878837860863397
ck_b4dcebc543deaafb,0.022671171639946242
ck_cb856e75c949b0cc,0.00037186442554880433
ck_61b067de8ffc1ca1,0.004850058221566295
ck_c0e8560ccfd9dd9d,0.001532478915514524
ck_173e1198c341087b,0.0021843935765832752
ck_b4d55bc809000276,0.01783414452245727
ck_839bf139296b5cea,0.052021903877366854
ck_78cd402a2a4f2e35,0.0007150077276328583
ck_c2925c50ebacbdba,0.0016203768967718746
ck_5e3bc76eddbdb0a6,0.000606947298948725
ck_b7793edca26fc512,0.002558445104154945
ck_d79bdf04d6f31cd5,0.0026888872460418592
ck_4b97d19ed946f503,0.0031336439816101055
ck_37139b41c5370523,0.13411376373352132
ck_8c346eeefa9ce692,0.0103304793059959
ck_2ab7eddee2d8c49e,0.002518550644388095
ck_29da59ea3bffb9d8,0.15149405371450916
ck_c1d05ef0ec6e4be7,0.0034824088326610206
ck_3882423b449f6291,0.9549068843359266
ck_5647030283171ed5,0.6074319964600313
ck_efbdcd9c181e72ca,0.0052879530939545305
ck_192fdad892782daf,0.09047258151914339
ck_0bf2e13b9f2601ac,0.03267566588691385
ck_3d6046a533057795,0.003490305676630591
ck_279a1d3a3836e5cc,0.0012419110389822704
ck_c375e929becde422,0.003503815869962091
ck_a59e90219939a1f0,0.0014584967208697665
ck_4e9fba1ec54c3ff8,0.004533629914023166
ck_bcbd8588a13f5eef,0.0006272810934795813
ck_5f9a7ff990341bdd,0.002683030403824985
ck_e0403d507519b7d2,0.0024120154665831475
ck_c9490cb61aff5112,0.007894765840193446
ck_41dd44308e6a665a,0.16492334290823962
ck_76c23726cd7ca947,0.0035943985332824255
ck_9be551300209fa83,0.6416525577643445
ck_a98848eec6c9581e,0.007100818580488603
ck_61176dafb33b2d8a,0.3544960166955335
ck_92de019e05971ce3,0.003029768383013749
ck_5d644224135d7c65,0.004089302651346215
ck_c767fc454fa215d0,0.0021131260059046703
ck_5df85a8924e11f27,0.027249808761692102
ck_da2729307af06ed5,0.027107644538772152
ck_7c6b577174af7a78,0.005191606327462539
ck_893b8afbe11301e1,0.001763817283649314
ck_e06f6fed020ae014,0.0034638416824210503
ck_386680372fb54857,0.001162090078758799
ck_7a7f3c4fe0c9d2ca,0.0011405520277034972
ck_f908b527c4db422d,0.02041292287637129
ck_ec2eee6a133e9a6f,0.09961306123683433
ck_d98934f9fe0b02b3,0.0012870071698191732
ck_398a1ed77b0130e5,0.002313999742072858
ck_d960af7a55b892b1,0.0038177385000812275
ck_4637e54a9f79e2e7,0.0018156708472220151
ck_02b9f418524f6650,0.009158123400181102
ck_d4b23804cebb045d,0.0029607407218189227
ck_35b1939c48182a9a,0.014787757438200195
ck_2dcbb71e39d64305,0.014095101463419428
ck_47a884dec960ff2d,0.010671824003298367
ck_71fd8c346fde5cca,0.06024744116913955
ck_98e1992ac8e7d2de,0.04775438361208419
ck_ae7780327e210522,0.008128957396278884
ck_e6c584b4b1ad6d9d,0.002505443133612629
ck_344b2e326a6c3dcc,0.000722821957932007
ck_9aa899a5230b0963,0.019548592907670966
ck_e48d14d5b70ef5aa,0.013882206052677383
ck_59d380a0973b3951,0.0031667416569429933
ck_11318f7c041a5ba9,0.004509985464468693
ck_7061786fe2f22f5a,0.014652344801368795
ck_e77529651c416cf7,0.00829848613896945
ck_7f79878197340435,0.0010974158319627867
ck_b0a0fb0ee9ebf106,0.00515654221445143
ck_70c7679199776a90,0.002720478798177174
ck_b9facd2210daca5c,0.1377401175166909
ck_9949f53c155b8dde,0.005672135069122272
ck_1c607e24f2c4397a,0.07293004588041638
ck_aefd1ce3ce093cbd,0.0015270115327376762
ck_5a29b7018e43280c,0.0008399953073316204
ck_69eb0b2ccfbe5f95,0.0128825939557944
ck_fe037765aa465c58,0.006278935401581565
ck_5e512ef5362a3dd6,0.003852650308037851
ck_544a9e80b7fdc279,0.000947253786613428
ck_7825494e654d5695,0.009078159761629517
ck_f1f2c3c623553f0d,0.0007755476879888058
ck_52730906e5b461eb,0.9093957835554004
ck_01e0689157fe9617,0.859239836291812
ck_9da82e567074da9d,0.012187410850179999
ck_6a17384072f904c0,0.018282698650278383
ck_8d84d771a21942a7,0.0009445060671781736
ck_39638880292782a7,0.012911841528728596
ck_7d51c86e0eec72ac,0.0036317226266548903
ck_45f4c821c70d134f,0.3778657716299571
ck_0af3c13ba56ce57c,0.0005116613368642597
ck_0789a05e061b2784,0.27616356545280873
ck_6ba091eb42ffa9fb,0.1119620540436941
ck_265accb3c5c32620,0.025312965749321
ck_179039559ff7566c,0.018999406537708877
ck_17c0a6a92b5765cf,0.009713803163634674
ck_59371c9140239fd7,0.0048994474104539715
ck_f9c4f8b4ce2691f0,0.011250642383268157
ck_a2637e4872cf4811,0.07060642811957826
ck_1de43fd6c6c22a5f,0.05581482804673591
ck_6e4f31bd108571f0,0.0012199603265146389
ck_da06d97db0b18851,0.0015992117766604568
ck_e0346d5081e640e8,0.038579903316902774
ck_c1c7d4e62c9fcded,0.03713694973060998
ck_2595669e421299f6,0.019425929251069906
ck_3b6057d51fd4c7d6,0.0012646028236834863
ck_c5f8ab515840a0fe,0.004034467032670144
ck_435cb24538c6f77c,0.0256807686818453
ck_d84b5403da4cea7b,0.011394075470989038
ck_c2b61a98d1c8f6dd,0.7261120245977065
ck_c9dcd92b2f836b61,0.04790766022473813
ck_9eb5b3f5f672c2b1,0.005003921397629893
ck_e4cf189a8d31649a,0.001082908095709013
ck_6b114f2a48152b96,0.0014971621556020638
ck_3fb95862b70f505c,0.020622910708762574
ck_7f780f465c29398e,0.0023086094074605415
ck_ee387f9da79e67ea,0.01643352859959674
ck_fa3b1e85d27af2ee,0.04624416745575202
ck_e739eaaa7a1822f2,0.01633004469547507
ck_dfa0ac11fcb1dabd,0.0014773438625127545
ck_6e8751b571ea54d1,0.008269401514573596
ck_2d695f8358383092,0.0079041039251881
ck_e7dce27edb700f27,0.013496500847274778
ck_e322da8b213eab52,0.001646742297315089
ck_d0b32e039abb8200,0.002787727435337376
ck_b354003302b272ca,0.0039062865837959215
ck_f7485cba392bc294,0.5990325383101964
ck_d6a290ff8362c7b9,0.041857511844570504
ck_c56a44fe315c0389,0.002249384685944177
ck_f77dfe6512eae322,0.007918915511186508
ck_35fe969c58b9e70b,0.05004337143093373
ck_4c518637db2322d5,0.11748823077851088
ck_cb61902798ecc4fd,0.037212276787542006
ck_56e6cfa32156a916,0.0016867027002558145
ck_343e6ed2b9d35c01,0.0072901918765144735
ck_51440f64f7250ad7,0.05030254776178334
ck_295bca29c34cfe2e,0.00865692351905299
ck_dd30558576b45e7b,0.006287145166171238
ck_3a30132a57181fe3,0.009916790099258522
ck_4a733aeb833406f4,0.00536656114881728
ck_1b0b7c3d35ab1259,0.018675683323611424
ck_962c3bbf27cd4b80,0.04182545135728971
ck_9528e1d6b1707870,0.006979085835945213
ck_b3263e7f31aab45f,0.004642635161229884
ck_e69195a3c885053d,0.000550828198498969
ck_a907fa8795cd4baf,0.0011439552831069928
ck_205c3405045bd835,0.003919567060525445
ck_e81fc223bed3c46a,0.03448313597758181
ck_363751deae40edfb,0.06985811418614328
ck_6176baea8cbebbb6,0.004280882872040742
ck_633e6579f5c74a5c,0.982416664957842
ck_ddc11fc481eef58d,0.010688999022565432
ck_e975002c979e12c7,0.04023304547016005
ck_8e039b23acaaac00,0.06463511013766046
ck_1d6990d94a4d2ad6,0.004415893819488257
ck_e7b583acaa3171a2,0.040900857898890086
ck_c0133f60d39b2fb5,0.010306468621578238
ck_7d6bff85e7a694bc,0.0007056138417723557
ck_d305b4d82f63f647,0.0020191690412180896
ck_22bd0fc71f95e048,0.020833486108106817
ck_9a65fcfc7916f93f,0.0016190702176455353
ck_d61c837b0106085a,0.020405595685405547
ck_be86a1db08dea456,0.002910211847615011
ck_90489c405e6886d8,0.0006580392360471961
ck_0add2c321d579d75,0.026453480924671157
ck_482dea6eed92cbbc,0.010034211021343283
ck_c24b47184534cc2c,0.9865241715723272
ck_fa04ac31e596e7d6,0.010502426942251964
ck_084322dc5a3a86f0,0.002273426861717851
ck_ccb72a33cc1877b7,0.0046971616660435415
ck_afaf374009d3b248,0.005175801490127985
ck_b53084ffede19a8e,0.0009692886326034851
ck_4760216154c8cac2,0.5784354849078094
ck_37ad3a65db673e70,0.0027768009123619922
ck_0c2932cc0d553694,0.0020535148894517768
ck_86b853c52f20fef5,0.0018985106668066088
ck_38703b7546d35a80,0.010759082746429538
ck_218b7e6e6dbd2da0,0.001901835849852545
ck_402db4184982fdf5,0.009117219209409652
ck_f917c82af80e4a79,0.03086377988445391
ck_3c6417a233c68c73,0.014492260680843548
ck_98068c397d70dd3a,0.0066734378551969375
ck_b1cbd6679c0f8d95,0.002372005314738416
ck_9e962f9bb0e7bac2,0.007240162372889655
ck_b08247c3ad567d92,0.8908837705847531
ck_3ef7a03ebb81cfe3,0.00028478561768862943
ck_5d7ae0e3562e99bf,0.023871114291542216
ck_c91a628236baf91b,0.046491947142788335
ck_7f8e816ca51755e3,0.9646641368788175
ck_5aadd286d188f5c3,0.004958740028596584
ck_a037aff5f8128c73,0.0025528800668691725
ck_5df6529ce8290906,0.007870856271315924
ck_5f3609511443e5a8,0.0009823059992739656
ck_a6f61864fac3c8fb,0.005704950202090081
ck_2733fc6ba23ae46e,0.014594348934781771
ck_22bfb9246646eb41,0.8566507912341231
ck_bfc2a57d8fd1610c,0.16229826398625244
ck_49839e761d0e74e9,0.001074346456894473
ck_aa4ba931dd37481d,0.00207150730277628
ck_2f9fa0d61829f815,0.009755710259493301
ck_5b82c774df10d49b,0.0009141143626995148
ck_411219470d0a195c,0.0054139435698028595
ck_d07485ba10514a2d,0.21504327068246568
ck_219bef979ee21bdf,0.0012805927091893393
ck_eb1006e7285184a6,0.010616674317545241
ck_fd242b18575e3063,0.015759522170196726
ck_95188150ff059c70,0.03228977783658547
ck_a9ca2f447b984a6a,0.008604955325936718
ck_2dd39723c4088b64,0.004255692091496774
ck_aa2b4c662ff213b6,0.014679331637420549
ck_1867b1199c864db5,0.006854964901010733
ck_850ec97a5a0dab9a,0.022193694340263696
ck_562320295fa35875,0.0006266497608800846
ck_bab5759b07fe2bea,0.006507351191841297
ck_b9f1465d803e57b2,0.03641922572028175
ck_8f21f2690c32c691,0.08964878546779576
ck_df87d6f61a63eb21,0.0014577285742053247
ck_770475876d0e7e6a,0.00421379331756184
ck_b4c014d5c0cc9eb2,0.004226728114687074
ck_3add4d23124c9290,0.0012919567580910467
ck_bce5b7fecfb6264d,0.0453929385638894
ck_604c17cb97dc89be,0.017319518198587684
ck_e52cbcd9aafd26b2,0.0016310520043101024
ck_0ac9114076f5bf3d,0.004896265083979886
ck_dcc125b178b79566,0.0003679142129100741
ck_4e333c09f0c37dee,0.005201061443637817
ck_ff7e31ff8ba731e5,0.003557936448375256
ck_8d0532d24f1070d1,0.0005691254965233425
ck_3689fa41748a6f6b,0.028540039148350238
ck_7509eb97c1948b16,0.006309049218209423
ck_a9161cf1ca22a6bf,0.007723636530411794
ck_bed3e3db135b782e,0.026235858381095097
ck_9040edd974ef8e3f,0.8160185410078556
ck_fac32d76ed40f683,0.004758441521391123
ck_3d7b1078e2d57c69,0.002726188317847895
ck_dae09c4e074af5dd,0.011682652270909278
ck_fd84507228467b40,0.018297699945913636
ck_e2a2ce9b8cf44c63,0.004243770165385055
ck_cbe716f351d660d4,0.010414229900007762
ck_cba4162ef29a6d27,0.006220585342533083
ck_4f1e962ff8a29732,0.001261726510092741
ck_39a81899dded61e4,0.002988004526190543
ck_25382331551d22a5,0.01992001738130806
ck_6d64e1c07b19856e,0.0014461433020204126
ck_165a868bdef28ad3,0.052756831263875335
ck_88774ae52e30e877,0.011640048400229084
ck_fc7a9d0643570053,0.0006734622362399343
ck_c2017120b3b88a46,0.009791524614314888
ck_d115ac6b9fd62a7e,0.0019654429100765063
ck_439cf7d51ec7de0f,0.0025193493523070396
ck_2468a7e9e68a0927,0.00343423242834983
ck_7c418947124dee8f,0.024930859789566957
ck_fb0cf32c4a56f740,0.005704539589276347
ck_694eb6c43193afd4,0.002229879188786098
ck_993beb188dd4abb6,0.005428652511316428
ck_77fa39d3b733c226,0.09022245112647137
ck_49969a9abc47cb69,0.006099065371630924
ck_d3f44bbe2f7e9b2d,0.005140814867731008
ck_fcf5b8216d0c18ef,0.0008036883566110847
ck_daefe1e2d2bc362d,0.0035756505131914105
ck_9c9287cb28950eb6,0.005134325755279528
ck_c1d1a625b885a975,0.01723814409036568
ck_71b37fe47490b4ba,0.004458007232245127
ck_5d16e257c0635f7e,0.4054858971143391
ck_15918075563eb074,0.0007082328246403131
ck_9a15fdefc47e8d11,0.007294447902559392
ck_6f04d047d1dde75e,0.0004236355776805235
ck_1af2c0b3b8d202c1,0.002101003136570828
ck_174be2231c5fd2b6,0.00040736916870526854
ck_bb0713a2a1d65982,0.011721035985454547
ck_0daec63bd5b0729d,0.02399964603869589
ck_c0b5cc3e8ad2ff44,0.017110363652125444
ck_35bee1fc12664644,0.2672743995565569
ck_a1c7cf63467df4c2,0.001787771874976092
ck_ecb1e15f0b185ceb,0.01675995764285403
ck_f280d31f54a4710a,0.01621662102744675
ck_30f4b2ee8abe1342,0.009627121083030633
ck_66bed631354de5b7,0.003324674789576349
ck_c2d3ecd7278eba2c,0.0028071630496271393
ck_e901dec0e09eccbb,0.0021487811907819564
ck_5d038ecb3c8748a3,0.004298035899969116
ck_283c5bea94b21e80,0.002883150468572418
ck_7956c251b85f009e,0.6315250761947607
ck_9f5f81d771146aa1,0.0002343425143729063
ck_9323e6fc1e168eda,0.9197762973579869
ck_10495d3a635b8d69,0.04701356743704771
ck_1982d571cd36eb0c,0.0061785787796331424
ck_4f5d7985bcc2eda4,0.001518721166199353
ck_7df526b2b4410bb4,0.0337955150886478
ck_dbb498b1a346a402,0.0018012176694945042
ck_ef059997563e3330,0.0021123548638542705
ck_02ec4e06709e6b82,0.0009117757073253302
ck_9782c86ba6485f88,0.0017803768233809018
ck_d69de468b44143ca,0.000836358825769746
ck_6430a8792f400e0a,0.0009428084426294606
ck_8285bd3c90af94f6,0.00368452110668508
ck_985c9ca112000e9a,0.008769827488016512
ck_e679fbf4f4f4aa07,0.003434668454692764
ck_016e8c8eaf9d511b,0.020868512791097336
ck_bc996c523944644b,0.008296362115052745
ck_5b8315726f6204e0,0.004291921982474686
ck_78181f8e998e442f,0.0011969120269721115
ck_71c68dfd011dbbbe,0.8025451580345874
ck_db32c95ce2b6f502,0.9116179919258606
ck_755010362a9b1bc4,0.0012041399807165565
ck_114141d85256c9ff,0.00046605457486337607
ck_9d1a5cf5a3b87e48,0.005056841111486369
ck_ab640420858ab5c4,0.10457700475654992
ck_97a8dac48dd62488,0.1172140463949693
ck_879cc3166fe1bada,0.0008166604832476094
ck_b0ed11080076e381,0.003255571436473961
ck_7334a9ec656263b2,0.003289995454432312
ck_6494f0ef13ce44d9,0.007127341004092724
ck_724e459b9ece38f4,0.03474040020368066
ck_7fd8b1470401695f,0.28408551465590043
ck_292f81186358b0fa,0.006284658825797897
ck_fa7de64d37287615,0.012749309920301363
ck_d00e09e66ed6458b,0.08592177361385618
ck_b8d210e741be186e,0.000921081399235996
ck_3db59982cbae4410,0.03578525336278423
ck_69887d0a9aaca6df,0.0007143201178009813
ck_4feb21e2fb0b3977,0.002760509324528078
ck_08c6cc1e143475e3,0.0024261561657871245
ck_fe6e168cdbb46b9a,0.06583630989667438
ck_07f1734be7fac56a,0.025910278294858424
ck_d66d59981307db93,0.027516087007467226
ck_f928dba0d587d7c1,0.0018960052865375778
ck_786448fe3004cbd0,0.0025633203444250002
ck_29ea329fa40ace62,0.00939133055127974
ck_7ea52b6f27edcb73,0.007716994368505088
ck_18bc51bbf3ef198e,0.01226419289937726
ck_44950df09ff14ded,0.000678031396539814
ck_c1466b52c0a10b93,0.02099700554667214
ck_6cdac067cc4db5c5,0.07303623138931768
ck_53f55c6e8cf2d432,0.0015371526772663905
ck_95945f48453ca532,0.022337909911520373
ck_87cce4126e215153,0.012078029294504404
ck_1ecd5516c92caa4f,0.0004662929162452121
ck_819b482bca14c068,0.24997795558966263
ck_a61a879dd46fc9f2,0.006364891107327938
ck_af70aa32c009c3c9,0.0040059596079343295
ck_f4fe78e249092ab1,0.02965021722572289
ck_12c46bc52bf45b36,0.003943844234308025
ck_f05f5e4b40afa52f,0.0364628643818567
ck_0f8cb09d3f4fc980,0.15971140788639374
ck_80a64a7f0275a71d,0.004498624204509749
ck_683af7b1540a0b22,0.019672996451765273
ck_51fe0b613c076cbe,0.0035561735308247996
ck_da1a2450219dcf19,0.010835294362292908
ck_2a7eba01ceba6c2c,0.012091876683411995
ck_4e329e29dfa743ea,0.1810555709534661
ck_0274d881d6db82c8,0.0015191356419806173
ck_0af5b7d128035b35,0.006279905387716639
ck_ae0a7be6b0a0ea68,0.004980369679084146
ck_de5bb7a4d091386d,0.3800625470733074
ck_2bb7c17168a9d17d,0.00907488485230491
ck_0ffdff7b2f5fdfe4,0.005959830626840822
ck_718a8390b3d42d7d,0.006129920701110343
ck_7c4f12d70f184533,0.0005949498943220857
ck_d3e2c26b8adff099,0.005475294534888299
ck_ac9d3d9754104cf0,0.0013133123699828693
ck_3b1766a1d51f8f0e,0.5895220278346122
ck_a9bf75bea912027b,0.022132627432248714
ck_687eab3ffe1f8cfa,0.019368296857023525
ck_25dd0b02af5b2f37,0.030951843454249384
ck_1747fcc466f0ae38,0.00038878748355785183
ck_f6e9d14dfb6f3c28,0.02672977235550732
ck_c6a7bbd0adc4d5f3,0.005780038966959039
ck_46656a23f4456d22,0.8644471447992119
ck_7519260415c2998e,0.006126746334348146
ck_754f30ea19df857c,0.045307971291115356
ck_ba88a244d5f7380f,0.01299855384537052
ck_f268416945316815,0.005201106512390244
ck_21860dd2159dff28,0.0011075531586178316
ck_7a86ef4e2beaec38,0.0010062062358119404
ck_0414507baeea936a,0.0058186591837274095
ck_60796eb60fc3043e,0.0014322925886089393
ck_1e0841ed17fe0562,0.006112017233921717
ck_0d641d32658d6e0f,0.0015078563507377179
ck_b36086ae6d87eec1,0.003007995380153643
ck_962e65ab33b5c311,0.971187150523941
ck_b046a42684468e63,0.0024800025301840558
ck_ab3426435b0017d6,0.08440500787305533
ck_fcfe06e44d09a344,0.01245499220714102
ck_0f6d916c92189516,0.005370469392806952
ck_d4c8f0d957c3965d,0.03891782299599466
ck_2ca83dbd728af019,0.001112310881085666
ck_2857a4ce9f72fbfa,0.000551101733170315
ck_a60e6edc48e3d0ac,0.09775914552463934
ck_0cbd3b27063d4415,0.04192779318756129
ck_612089ec90c37219,0.003567805186470325
ck_ec4e597f17f473c6,0.001243745056698067
ck_1c93cc58f314bf71,0.014275056646524448
ck_2b359a979520276e,0.001264673842572261
ck_1496568ddc3b2d56,0.053532994624692624
ck_41d91dc9f5063566,0.01489549114062016
ck_4c5ff58afe3d7a67,0.0014154916298259872
ck_81709736281fa3eb,0.00041389205916791976
ck_d89abbab3d4957aa,0.0032388201630696362
ck_52453401f88935da,0.006339746151197458
ck_a477654d34783e06,0.002742640705288051
ck_72dd0dbdf808cb00,0.009669727668337347
ck_c183dff3781746cb,0.05896384562630738
ck_c8b7f241810b45e5,0.0008568231843024194
ck_f88028c3f306bc70,0.005191297533690178
ck_91d48d69e4f5d9c2,0.004426243718516988
ck_b74b9ba6d7c9aab7,0.03943088060836296
ck_03e904682dc73bba,0.003917078177375521
ck_fc6fed6ea96a004a,0.0028567611575498904
ck_51efdd240e34c642,0.03127094742689206
ck_e78ab4ff52b5fd2d,0.0059477802593523
ck_4af7b97c24d89a45,0.032116303885921633
ck_295c0072eca7f7a2,0.0012965921778846118
ck_8abd1a50a9227463,0.16263600933433542
ck_ecaa6f13304e3dc5,0.0006399700951642386
ck_de436e7b319be1fa,0.9949412068486176
ck_c802cf8f61466027,0.000820020618819565
ck_3d83e0a3c1cfbf8b,0.0029122987626280846
ck_28d2003c2d16e4b6,0.0008590064752806327
ck_8ddaf745bbb9cd62,0.0004888822653707114
ck_493b6256091014cd,0.08862906241364948
ck_a2245822cfea997d,0.002888954484515184
ck_f7305b3c64cf8a03,0.03612209694831756
ck_9937dad93a0ed3c1,0.0015138724993273393
ck_d654449f9231ad76,0.001288126061642445
ck_850e2b59bc535490,0.010660280529492416
ck_e55e5bdfc0242aef,0.16442465883618926
ck_d35c51e981b98c5c,0.0034204669488295484
ck_27cdf9c5e6f0915b,0.00460404091788768
ck_d328db1e1052d820,0.006518470415505115
ck_0ea30eff5f361cba,0.003022903475140703
ck_9994323f97109f4b,0.9898846447874078
ck_09054e97bdf9624e,0.0006923549071561077
ck_723b4afc388113c8,0.0013933189922477613
ck_588f6e6a6a6d93e8,0.00830896517298165
ck_e1d563fab4d6116a,0.005916272328957324
ck_53aca610e20598bc,0.011361716585713034
ck_c8131ddc7ed33448,0.0024383878010399034
ck_899f88464305824a,0.020050196544474735
ck_1c17c65804f8889e,0.004169939377456547
ck_45a16ce12893cf9b,0.006761308813775146
ck_f9d481aa4f9b2808,0.7677402429482946
ck_1d5d74169cf892ef,0.03141878454476781
ck_aba32acb61c1aaca,0.023536379985736083
ck_ec4dd3675a8d28cc,0.003148085219639428
ck_5dcd443fe0bbdeac,0.0006079991547952479
ck_3a47e3f54475e854,0.0009665844848518371
ck_a9aa5c344c315532,0.006605544638707526
ck_9652283c9f61fcec,0.0018422543633828195
ck_752dd3d2487f78ea,0.001491224899121189
ck_a821980ac4db9943,0.21360366828508834
ck_93e0d6befb67f7a1,0.007536650702583868
ck_e7a3881c3e36bd51,0.3023948007827874
ck_12631b78f8a03df2,0.0016849562662275804
ck_57b8226610b48854,0.00708975575769422
ck_352657008983fd4b,0.022271484932628594
ck_0841a5c24fd3dd28,0.007930057940847633
ck_db9b9d5d30f74070,0.05213521726757895
ck_a9dded7f6294e44f,0.0041604948140413385
ck_91a16336ce3217dc,0.010790493882641665
ck_371bd9388b287677,0.0009828532565082364
ck_f285e5e1912a7c62,0.003251284072346625
ck_368b65fca69fc415,0.021914021624515834
ck_d27a73596b6500c2,0.004978778932687101
ck_2d963f9b2c4d11e1,0.03443115126534429
ck_7c500e219af39486,0.0018880294969246612
ck_7d025dea5951cba7,0.005267014645178537
ck_32f632706608859e,0.004652847707758412
ck_53816231f3ffb48d,0.0025387826396970647
ck_9dbe184e81c1ca8d,0.06665177010108246
ck_d74123617f22a21e,0.000785820725542316
ck_275386782b1606f8,0.00165677793215721
ck_0b0e79d33e50cba5,0.0010171688680011327
ck_ba93cb604f792915,0.015392286204980702
ck_a86cd653472eccbc,0.0018954835018572442
ck_87771861e0447210,0.04518084808216297
ck_212380e0371d8a6d,0.009655330441549587
ck_ef0d702d7b0ed745,0.001848473275261154
ck_2b8f33e22f939372,0.9638562669549335
ck_480347ad92037105,0.007251998000339963
ck_20124c3a16c53ce4,0.058209053380720154
ck_c9e1e3229baae708,0.004801625179847071
ck_b1befe967f7a5ebf,0.024921677467943132
ck_4672167d7c989bbf,0.008979434283793424
ck_f0c44ee5e3a42e3d,0.013295422704865284
ck_c416357d20238a4e,0.01407756100757656
ck_d0f470f8078c91df,0.004655343766780874
ck_3a70b4ee59084715,0.004798220767589328
ck_179ed66cdfc1ce27,0.0012887537040357625
ck_387e5a7f163c7837,0.005717665149964542
ck_08fb463e69f647c8,0.9935456598407285
ck_732f725747393ec8,0.013966405935726699
ck_7cc5e0fa3ca5a713,0.0006873748540140936
ck_ad4a4daa826ac68b,0.8816130841887909
ck_472e0be7a3b533bb,0.018170437005590682
ck_7190177963eafdd9,0.003276614227917191
ck_647ac26c5900f082,0.0026051605335163323
ck_272ae2179bbd8e58,0.0017848173455681385
ck_09b0d8af304646bd,0.00036420324641520905
ck_ca0cc8ea9f344408,0.005674886396033343
ck_332ad134fb909869,0.014904141510290242
ck_fca2798914627dc8,0.06114266675359064
ck_4450b55f462ae134,0.0010998702730801002
ck_d67d9dfb60b286b9,0.0009493693485074519
ck_a9d2bb4f2bde7052,0.0007618498668600105
ck_929bcae878a3ecb3,0.6140756285353607
ck_59a9e000fa275e1f,0.006193116644870995
ck_57f17254e2688637,0.03208669179460508
ck_0508908697f60ce3,0.09215830185265732
ck_946afc2943298d26,0.0034218519840132078
ck_7176d12b18f2cc0e,0.01061496628872853
ck_5c47b49c26cce286,0.02783527862404027
ck_b6a2bdb2d335e1d0,0.9960044957100648
ck_1d58f6caaa4d012c,0.00840800859227085
ck_71c917295020ccc7,0.0013143403645489065
ck_bc89644ae3688995,0.005487051205293608
ck_e7c212f16d6df272,0.005219742070397993
ck_c6d2e11a368184e6,0.0027915807755936016
ck_eed7f1f7548df15b,0.001963576720765431
ck_75b69034000ca7bb,0.04248226962641064
ck_38da3bf629458682,0.007332172875007866
ck_90114c891239d821,0.0016961229447158362
ck_8ee08f6777cc155b,0.02579147662812997
ck_bd86132499defcd0,0.004890883182068604
ck_b95fbf2b5640aa82,0.0020704156666416615
ck_c530235393360e3b,0.002194362600892453
ck_be52a7ec43241ba4,0.014348906297952496
ck_d96eb3cc55f2772f,0.017575993801190456
ck_dd34f0a844fb115d,0.0820665334872594
ck_17cc7b411f448e66,0.027995791144030575
ck_856ea65fa27d06dd,0.012985563879061635
ck_056d5f0301c30902,0.02464755727800247
ck_e662b14b2bab23a2,0.058186171098662275
ck_209f574c8d92274e,0.009850909693217813
ck_62720b81617896cc,0.0054035419867037105
ck_041614694b77e599,0.0024923011805851204
ck_461e3f7b97db8d16,0.0067353895230080575
ck_1b74b798eebeabdc,0.009719542029099226
ck_0ed2739384f1d644,0.004585631391814337
ck_5a4d19f1b83feeb8,0.0013266711701809453
ck_463937167965a1f8,0.0059437073693532185
ck_9d7151dbdf100e0e,0.014424074804486722
ck_20a7d1ce6cc27312,0.001892952586386659
ck_6031211ff118cf0f,0.0008307195652461869
ck_a6fc92aa91e99b77,0.8117331320239952
ck_0aaaa9d2f75a0518,0.008197721342374007
ck_ec26e327cc1848b2,0.0027148047990509794
ck_0e6bebf8ae9b9b03,0.012794523098709805
ck_e107537a4cb738f4,0.003304886672665255
ck_e8ea56e122a5a487,0.007701192269487795
ck_98149ed45d38c4d3,0.02654669231904931
ck_0e719b3a6906b8f1,0.000361018826179681
ck_0c6e7bd357e4a348,0.0005822783232637868
ck_d3b2b250da61db19,0.9758535869167863
ck_8bb6b0a292754576,0.13505293321864334
ck_87d70f5fe48a6128,0.01549929020193123
ck_ea9edf9c107d429f,0.0306603494942773
ck_059806c52cebe4f1,0.09561061348945687
ck_a72d6df666e1c21c,0.0017125353449647482
ck_1d2b80ab6c4944b9,0.0038593290023233792
ck_60557f077abc42ca,0.051213654664470136
ck_e5f5cb7dd6ce4a37,0.013946841177493653
ck_4c4a939154446053,0.0017136766377497594
ck_50ede3eb561a202c,0.010598252688192191
ck_6d03a542922b2ae8,0.014719266556121309
ck_d6fe761ed0db3270,0.008457899373334942
ck_7f0cd6ea3096f985,0.003001394480254582
ck_23edb6d938a3b87b,0.002409722859650402
ck_799aaf9f2b9ef621,0.002073819540261947
ck_f8f6a03613b6dda8,0.0077307080322188415
ck_7cffb189f4f514ec,0.9950200648588282
ck_c081e1967dcd811f,0.015909245162997233
ck_583d6ca78c97d91e,0.3752286788691895
ck_9332bbc7125219a7,0.0012386127587461302
ck_956b5af6d7d86c65,0.9829092201931422
ck_2d634e3f24681c0f,0.006507936526059428
ck_7b35d218ed0c5a60,0.0015753655364896494
ck_ca5b1057f8248f73,0.01740057904585139
ck_ec5ea81cf813597c,0.0043681064787682656
ck_eaebaf4d28400fb8,0.008297373330093106
ck_ae2ab6be219219aa,0.0008102290369042664
ck_d99a8b4c820eb46b,0.0017543340929653502
ck_bcfb7ffb7cd428bd,0.004692035521781761
ck_3dd542c2d31be2c0,0.005108306427818507
ck_c7dd84401e29a7fc,0.0032227506565818877
ck_c4bcc7cefd40f8e2,0.0008264124573659227
ck_c251898b5d51e3b0,0.0018084165640301197
ck_36d37be780c1291c,0.0027936632954741053
ck_99b4f266b61ae7ee,0.009881273792827862
ck_c37f03995f0f0169,0.0006378156876713134
ck_65a23ac8e44eb901,0.0022102911754888566
ck_644b1c1149eea9e0,0.006571763890414368
ck_9cf44eb0237c2429,0.0035976541863739545
ck_20541686a94fb71c,0.025957276513722188
ck_c18245be844680f3,0.0034698239381349767
ck_56de216eda6b7fa6,0.0013758401536017447
ck_406c4442dee45cd1,0.0007235109065853824
ck_df1585c7d72a96e0,0.0007669648234703185
ck_b8e8dba20676d87b,0.010278858008981569
ck_0ee6965e68efc177,0.019466546870279693
ck_c2a5c54ad8d0d297,0.01064716219748979
ck_bf6fb7e6470e95cb,0.0004454806874730358
ck_27fa694569140345,0.0007263339890753131
ck_e04166b0ce66393a,0.006933411392871215
ck_8742114f4f0cb22c,0.028302107955983397
ck_6eceeafd56b42576,0.014724297692697888
ck_34f9951b0eca1965,0.009391824806948097
ck_384ccecd342a24ad,0.0009180791915883724
ck_49c98bebd1338879,0.0007138219008446439
ck_6c26c12071c91ff6,0.0008120352683361328
ck_01e5986ebb9a78f1,0.06441253049346075
ck_121db7ba3be29ee8,0.016360096540014007
ck_039e6d5a330cea1a,0.022106751417829418
ck_ae8c9163cf957d7e,0.028951816043189638
ck_3f5e8f3f1df0c8c7,0.044782284997711086
ck_b1c51fdafcd80122,0.010796815261957887
ck_12e2b5ebfe8986b2,0.004879958423789733
ck_d55eb81a4d543c59,0.005858882878174907
ck_f85155ca5c312c7b,0.032595604655217436
ck_133d8a1ac7c0e301,0.9907715276543537
ck_04212a9bb9b28696,0.9980424655540117
ck_4cc11c7d3ca61f73,0.0017004769899685408
ck_2df4854186ec515b,0.015116165974490304
ck_aa9b28e7fc43af79,0.7047009259941844
ck_47cad6c3def4c9e4,0.0008508897565784071
ck_fbff7b5da8111567,0.002992620963471304
ck_bd25ea782e375b22,0.014527906757501792
ck_7989376f8cf64a9d,0.0047537238327804675
ck_675c0ca1ebb1051c,0.0010370987357222548
ck_1436f6e11d4008f9,0.00996247697770381
ck_812cb3a4482cc618,0.0019289379327369213
ck_6e606f73a1094afd,0.031839960174912356
ck_1b708e2a4a0584dd,0.006303123299139957
ck_a60d6b324bae0330,0.00664254697245506
ck_706a4f673a9fda3b,0.2956347143939945
ck_a75ece9a9044eed0,0.0014950932237928459
ck_9aa45c4e03c8c57a,0.009478867732716747
ck_9fe9bdce982b312c,0.021973242198966025
ck_c6fbdc5ba68a8466,0.010872880044639965
ck_ed0cc1b1c28f9511,0.021751417720112385
ck_a4e2607b4c8021e8,0.0005366994603230388
ck_e02f93f51cc8caf3,0.0022472289180334843
ck_7084ed3cf20781b7,0.0133305068044747
ck_cd4c63155570d6ea,0.0033536791989311966
ck_d1b9e5d32d2d789f,0.0008084224689479186
ck_68f56f6560a7a933,0.0030862299259503934
ck_8bedacc6233c6269,0.003751183808288493
ck_ab7cb50407d6b13e,0.009590641163907712
ck_f17ed7e0fd687742,0.028988565349265055
ck_b0fe4b92fc70f72c,0.0014261782544886335
ck_84d62b8196da2452,0.009678275928129722
ck_9e298cae167f4693,0.0008739911216898399
ck_405b20ef9ad0ba5f,0.054001466258710724
ck_813e02e1ababd177,0.0037180630191989915
ck_f234ab47061ba7c0,0.0012660400020625036
ck_22b587c18363899a,0.004263013731529458
ck_4e862c2f48c38aeb,0.0008845538987849125
ck_b89cb90a420c9075,0.0035655434004106274
ck_be2251640f27a3c9,0.1784545630651817
ck_46bec0bff167ed3f,0.010107721834606537
ck_c0032232c2868328,0.0030616515047819405
ck_030cf09525dba4ba,0.0007846833365217237
ck_6ecf56236789fc09,0.9605387876229207
ck_38d4ed52cbe6d123,0.030999790080580607
ck_2d923d957ffd4d53,0.0048545854241405645
ck_3af1eb88728ed8c7,0.009620020727356
ck_2f8120ca80a1592c,0.008581697492801599
ck_6cabb1a133f0b151,0.006662206843451678
ck_bb6cf7e7b707731d,0.9259198560519702
ck_c8307fecafa90140,0.005745821674530722
ck_75f968be67f46d24,0.00924511840349456
ck_df6fe4ec5a233213,0.0010072456232776282
ck_b53e88c0e927d896,0.00023463684006085465
ck_f0093064aa28f4d0,0.01158582524257694
ck_ec9976cabc63ff92,0.0028902714239925176
ck_30dac0a58c5590cb,0.03357951531022647
ck_348a525791ae6475,0.035573134995114226
ck_b898d912d1181ef9,0.014999927324302558
ck_f5b1200dc6f95760,0.01607510593252583
ck_54978a073e7a0b1a,0.004493892770917416
ck_55933936536a4071,0.0022525188719454167
ck_d6ba7ffd2ae08863,0.0037129170037049717
ck_404e2217fd87fdd2,0.0009414138091428178
ck_dfaafdaefa5716b6,0.01661744542112051
ck_556c62e92d4e7e5b,0.2525748494495553
ck_7ce44f4e06d58111,0.049925476693234654
ck_465cb8ce232c7670,0.001038531141904916
ck_237508ca4fb37268,0.024421494365436724
ck_ba4a6b9aa63964ef,0.008766819649566491
ck_4802a0a7a1882c88,0.39724247984628075
ck_9478dfe4114c30f6,0.004354152221820249
ck_5138f6c575dec64c,0.004293413085429337
ck_aebb42afe430e2e9,0.000941401510378231
ck_004efa95555437e9,0.003380561614213902
ck_11af112667c98394,0.012639287352881725
ck_44e9a18a8645c9d3,0.0018399940561526064
ck_2605fd571219e28d,0.0008973479047546716
ck_dfc933493561d84f,0.011934934278139797
ck_67674348e68d1f25,0.004125130731611943
ck_dd97429277a2fa00,0.0204798097232392
ck_d3eab7a06eb48348,0.024985215975844396
ck_0b9fcff9667ec05a,0.003296264219757728
ck_fc4bfd6e739bddea,0.0019072339609837406
ck_43292f70a03ddf2b,0.011128027915244719
ck_5ff6108056a3fef5,0.0029587755749862724
ck_767e0be086b5f601,0.024623336975816142
ck_b8465b1a5666155b,0.0093337706727447
ck_ab2e3fc56f5b3aae,0.006225972108459234
ck_1833c81d693c1e07,0.8955069082165528
ck_0308e0602b856445,0.0006007676472396428
ck_ccbdfe744acff8bb,0.023057394419600415
ck_b294aa27a0b586d7,0.002170491332618295
ck_a3747201f377626d,0.9745140204738415
ck_edde1d7d1db24725,0.006962042957405477
ck_ae3b47d6e1063704,0.008917911099508862
ck_3aabf5e0f4defb41,0.00768603883736869
ck_f034adb57391f3d7,0.08713926246182853
ck_533672fb40531607,0.04555235982527165
ck_2a244f1ae08ef83c,0.003722781615776832
ck_a35d81bcc54ece2f,0.0032681385662459545
ck_78a61215675b38f0,0.006696203046292638
ck_e013d88ea7939616,0.0017105159699079137
ck_e5018f9418e0102e,0.01843243409073873
ck_d4e024fcda401a31,0.002588692627637132
ck_f736cffbdb82db34,0.0007287809167029702
ck_1507f5aa50cdf3a0,0.0059706319028077414
ck_18270fee7c8fcee8,0.0012174201219486544
ck_95ffa1a805a1c9d1,0.0033538700298013785
ck_11132d245b94d045,0.0013691127064267518
ck_7b93a622e40d8b14,0.07605105255750437
ck_3854c08d17704347,0.031510908941506016
ck_7717fcb100dc4b5f,0.013505558443090177
ck_ba54e0a1c328119b,0.9261994474260183
ck_a7afdac4ecbf2de4,0.491069233172398
ck_ecfb771ed2352085,0.00792618631832162
ck_68be4fefc85a6b64,0.12045888930217082
ck_dac7c50bd6d0148f,0.0025126769757182086
ck_87cf36a03bd63c24,0.4686969402724979
ck_8adb40b168b59d7c,0.02124589543536067
ck_8d2f62930777416b,0.02919050512915834
ck_9958b58da9e3c21c,0.004831265427014632
ck_9440335375701f44,0.009297504224393878
ck_e2f88e202b6f700a,0.004866706087743713
ck_4c7c50684827a2cf,0.0009543702578325386
ck_8a6ea4a79b1c7a8e,0.004432900429111116
ck_186dbff4b24a3bbf,0.05584252379612234
ck_220fda3c11c59b6c,0.11948634115510222
ck_3acccc69f8b1fd14,0.012652702609655323
ck_9de191bf79afd676,0.01301925341438881
ck_6de6b1663f9457f4,0.0005105587524670627
ck_062754f8b79b86e5,0.0006366552880924967
ck_aa153a89a52f7eb5,0.02047508674572808
ck_34a6bd3be642f15c,0.007325958968701376
ck_9371c700d9830326,0.006072908960122886
ck_a99e0c258ad7576b,0.0028687595913755217
ck_0a7ba51d626e932a,0.02272403426054437
ck_852c50bbba1ead13,0.10722227316672416
ck_43dc13b6b6d31297,0.031613328690170854
ck_7d81b59d615a6649,0.012750431481862464
ck_39a3f1da060e88bf,0.003365614764900868
ck_6fb2d142c09ed3ed,0.03165214903459102
ck_6e5752b87324b58c,0.007060625228050679
ck_9441d48a12e8a4bf,0.5036916337493995
ck_09e9c51eb538b255,0.0029714843775971796
ck_8d0cd981ed3a183a,0.009837191991839469
ck_57c07c45269ca8c0,0.002207088145472139
ck_ccfc9ab888ba933d,0.008561945210008517
ck_9658a6ef471053f0,0.0018887672455664322
ck_dac3852758f4ea89,0.001452773981547924
ck_b1ed2278f5f14d82,0.012117550313533959
ck_333544d173524f70,0.044501880348584266
ck_fd4582e3853ef23f,0.007950824917971106
ck_614d936cef98db04,0.003613055776910929
ck_6bc351a3d57aac54,0.005409170343624728
ck_af5842fa7202ff25,0.02252369663709357
ck_81307759252571be,0.002777173491056309
ck_b4d2f02d2cd45720,0.9348560004182253
ck_1bd753a4681946c8,0.9553272450743453
ck_46d8c029d46867b2,0.011257685223658498
ck_b7da6640fa2f49cf,0.37202948478893866
ck_9ea3d5a5a91fef9f,0.01655722934400917
ck_7b922518f667f76a,0.00047906502472891714
ck_2a5b31594206eb30,0.2709676328629249
ck_d9506476ad3f9e08,0.0060016168837000484
ck_c8791f7ebd4d93c7,0.047458566999014885
ck_b5a3e20fd210017d,0.003143022641855345
ck_8e54386f4fe22cad,0.01263606812620463
ck_75296704f5806f56,0.020004400529111958
ck_0fbbc7a6af300368,0.0021805107659972297
ck_d19bf4dc0627113d,0.0012610223581941387
ck_7951bd4eb99a0175,0.001281009632922583
ck_059e4fac6b7f704e,0.006044614102393817
ck_2ce8931af02a2ce3,0.004437339611971537
ck_9e665618a4860306,0.0016400432957271317
ck_6fce5a893613fd2c,0.0004208877862110554
ck_9e3fbd04e3532f32,0.1471944529141504
ck_55f2ef0de3420e3e,0.009187050210000235
ck_8d87658a6f5d204c,0.32360853172754833
ck_6d6ac1f5dd882aa5,0.0005317157967952836
ck_55d0c7012d7ef236,0.006500805700099715
ck_7738eb085e5753d6,0.0019800645806191757
ck_0e6e05c3cc8c8242,0.0068167273387331785
ck_8d27ff8383d48132,0.001121634033854127
ck_9afc3bb849f3a64d,0.007018804691236134
ck_27eb86a9898cdfe3,0.02875864613696091
ck_1d40e4fc541abe93,0.06615950440006203
ck_4fd9dc00e1913587,0.9935268670817994
ck_b26cdb2b7b165d2e,0.01678703350897524
ck_a79a27767a02e31f,0.012599290882891925
ck_f0c18cb9f951a71e,0.004502545075569235
ck_50460e0189de6274,0.980034662666219
ck_5e5280539257c986,0.003985071641391357
ck_eeb854318b3a6f0a,0.0014422871589595126
ck_943f66f28dd24750,0.00023907739798355621
ck_984dd7452aee372d,0.028639816162392317
ck_ecaa6de0aca5e9a0,0.02185328988784023
ck_8f1cbc432e2774f8,0.006059504727628059
ck_d91d9f8445b9769a,0.9664430811675602
ck_73c18e03e3c7612e,0.0005566181429142036
ck_aded05ada490da20,0.005073542026506942
ck_f744e208183971f8,0.001212612553776883
ck_02d4cef6358ad3b7,0.001494067401652013
ck_08ff5bd467226a5f,0.0003588128993670433
ck_f824b326d5089885,0.1327256651892825
ck_3420f2fd520890f3,0.008834113286303558
ck_1838cf8d00f5b1e1,0.005891236990994256
ck_a85182ad90b6f1e1,0.00026139536161366294
ck_fecb39c82c43e76d,0.0010850957735147506
ck_162513e73782929f,0.01429589568973133
ck_2c27b77c59d8f23b,0.3938024731328141
ck_4221e07b17388fd3,0.019093515465544227
ck_adfb8472d5c3d669,0.007064436433155664
ck_0742fe64055d686f,0.0013323787441476326
ck_5060aefcc8b6f958,0.005984298416685594
ck_643f549b4ac78a26,0.1331185075881602
ck_dba767885bd6ad69,0.0019843202026572195
ck_0dda35c0c64c7073,0.9906121809787342
ck_38ea56d43afa5660,0.005829813856090142
ck_d813e15ac91f487c,0.12014121163379755
ck_4c840e5585a7b167,0.05961769692228818
ck_cb8551453a7bb929,0.0018777246790638222
ck_05a00b1dd5a03359,0.0013945369744037324
ck_837cc7fd48453a01,0.00865393161083156
ck_49dd816b31fba6b6,0.23245667485514873
ck_86a61d9a39768e87,0.015514361894963432
ck_cd0e76f0e7bb38cc,0.005369012056166668
ck_dbe58392635133ca,0.02054969898964692
ck_3caec7dd6f8d02c9,0.015201515157241998
ck_bfd9bfc5b6ab4a54,0.010344509780698235
ck_2103399bdb2898a6,0.0024118590143508228
ck_329f7de7279e74c5,0.005610111587732326
ck_9bf0d28119fc42c8,0.0259764804513878
ck_f781539b1042dc83,0.001102567502673725
ck_9986c7d781ac6b4e,0.0015354412448441055
ck_a627734880aca848,0.0010386080666658303
ck_2106e509d77fdb4a,0.6310132741227881
ck_420d1a9c604293ce,0.006425385697213331
ck_fce0610c527e2b56,0.00792678780586652
ck_073da541ec3f9d3d,0.013521643514261487
ck_aa5f3ab48c17fed8,0.11429439749966423
ck_0fc1086e1c9e04b6,0.005743676513615583
ck_5c33bb46c1a5945b,0.021467013505174413
ck_500948a8d4bd8e13,0.015603670596256598
ck_19becd44f2c3d2b5,0.004620764276271788
ck_7d0fe77dd5ddb656,0.01952957240915091
ck_f158d9e5f101bb35,0.004662215668838004
ck_cdd7c77823c2257f,0.016593487713127974
ck_6c7b41374f9b2e55,0.005132769799534653
ck_417090dbffb1a63c,0.009306513389350252
ck_dd0e17605f970319,0.004247210103658185
ck_3646515079e6be55,0.006644926329643212
ck_89c8b06aa8c84b2d,0.03964068849372382
ck_e4d6dedd97233c07,0.007615553837384013
ck_bc82fb1895fddde5,0.0012677517079101362
ck_88a8b1d442ca3686,0.012927894113366227
ck_5791f8f76a629a4f,0.05147508167518514
ck_9cf5e88e97c8c7ea,0.007711110792706943
ck_58fd684aa5a6f289,0.00032478608188633737
ck_9800c21dfbd8e811,0.0024471448127225616
ck_8ae64df60ab6ccda,0.015333858984476083
ck_e535fb0f0c00418d,0.03843341299087738
ck_48011996d54855ac,0.34954396248560043
ck_ac79c72a8fe3fdef,0.018133172016468302
ck_b8cc2df5192bc49b,0.005385274614763464
ck_e96a5e1f08f8a867,0.0005482876258290724
ck_84df6770549e43fa,0.0016393758314903284
ck_e5f7b99ba6ec5767,0.009081174453186593
ck_8347455ab53ff620,0.0018278185775242098
ck_a84f2cdf695a71d6,0.001564863213644371
ck_90456160115f9ef4,0.001183911920200416
ck_ebd178b3f3a9c50c,0.010090425458934805
ck_e1140be6157bacbe,0.0005575286033151964
ck_744ffc11d32b96bc,0.004714829049347383
ck_e12a9f7d027e3387,0.0013579676750265935
ck_cbe525da0b69f18a,0.009747550513751608
ck_aa59702537557ff1,0.046136145045566325
ck_0348cc6908f7f3af,0.00031319472818747395
ck_120e995d50956bee,0.050190747589633544
ck_9fcde1ff46cbbea5,0.0009035126523222913
ck_54b0b070689c50d6,0.0003827154274084852
ck_966a167758fddfd4,0.01826230968249719
ck_d5194f2e92fd6427,0.014274185545824743
ck_2ee84f3fa27f2cb8,0.0021119703342677696
ck_57d0a7eb7eae2eaf,0.02681052159846853
ck_6a2c4edd82e10969,0.001012244606005963
ck_96e4d38ef670eaff,0.006334018137492324
ck_52cc2fd5095b169d,0.011275869677382892
ck_4b088920f3a844c1,0.05426277201106047
ck_8f3ccbd20d59f1f4,0.0020275806730279578
ck_e5e5dc431bed6f9d,0.0029073709484700506
ck_e8b5bfa6838e28d1,0.015930687485718232
ck_4bfeb78b47b7c6a1,0.02443778593166777
ck_a705c61bd679496f,0.001552859226072652
ck_731869a0c39cb2fe,0.005043310409931973
ck_259eb102342057ea,0.004917591723521583
ck_47a6005fabc33551,0.0010419984867687806
ck_682262b455a9edd4,0.000946053253291094
ck_e839d104854945f0,0.0011262339141199264
ck_761989aa4c47d746,0.035141003212871204
ck_44211dc210139ed3,0.004376845988519268
ck_9915ceedf63a5289,0.024780434977148245
ck_da59ab47cb6284ad,0.0010818822562442389
ck_e5cdbfcca2456652,0.0014229039684523466
ck_13f2560c6a1ec62f,0.005734133437702096
ck_a0543e9b3abe1001,0.010073458693917714
ck_11c7a58e09e6547b,0.018185302436807025
ck_69587a134d43a4ad,0.012539965297029653
ck_28dc0de0ae291f37,0.038632968206609365
ck_298922703c5bbe05,0.014543335721451856
ck_fa5ba9ed9ed6a343,0.007362822925926375
ck_c08e64d424e56c05,0.017972032852648787
ck_598e036a28262aeb,0.03620671017673731
ck_3f7c870510083a51,0.020906389544665588
ck_364f8203a3e98d36,0.5307374223764757
ck_7333cedb61506ead,0.006139296796181801
ck_1d96d7fd65f208b2,0.027586508880281645
ck_63133a79f23e2627,0.011501225770345819
ck_901d820e0b72abae,0.0007543057180398287
ck_5dd80b3c01457bd8,0.007007983009541869
ck_c0b8067c144ed6c1,0.009305121503638361
ck_cebb8aa8c8f62c60,0.0012525936851457912
ck_79749eca42ff1f5f,0.006086324110556702
ck_2cc1d9b587f6da31,0.09048106906271204
ck_ccc7916b56d42195,0.003423123997586188
ck_e43e53cc7b8b8e41,0.005841991531955008
ck_4ab74a6e7450416c,0.0010369538961088989
ck_6e44024e9de301c6,0.0003625605419111452
ck_dd78cb6ae2866cc6,0.014751006855711145
ck_c363d3b050baf3b8,0.029958634320014197
ck_2d46291975f0dd08,0.002217406056491392
ck_76ebeb5aee42f041,0.03798568630713073
ck_8395f004cf4d4c08,0.0029481302126531258
ck_de7259c3741db179,0.011398822837703097
ck_3938e92585df2b34,0.003969347282440616
ck_af69bfcf4f07d932,0.00792100027160311
ck_1723900ab9afe374,0.06838286861390755
ck_3d58628d1c853c8a,0.00461536396559485
ck_12a074db100481cf,0.21088677388112312
ck_8716cbf892c50e29,0.004113641399494549
ck_fbf7351958ad9615,0.0030545979852063983
ck_a50370907e6b397c,0.009959669603348889
ck_937402a60df0821c,0.0010715660538372076
ck_8ce9c5807acbef48,0.0025791954524767213
ck_acf7d65eaaa4c31c,0.0010821948607214766
ck_ec3eb6dd0967cac5,0.017977372811404106
ck_fc832b0c90c9bdb9,0.7322550768273427
ck_8129e81cde280131,0.005086721533658031
ck_52c0ef68aa2fb8cf,0.007971231179013138
ck_06f042e9b1b662fd,0.01982896251446055
ck_0bf35dcf7b38f650,0.0004933558644485279
ck_615763afc2e17a7f,0.0013334581752794238
ck_e72db9d4b2fc9997,0.9716308859704624
ck_13757bf0eeb353e2,0.0030402179351045173
ck_abaf371ec8249c4a,0.05022049814614554
ck_9b7167da0920c37b,0.07544603204762622
ck_2e824b0b27494a17,0.061775690191474324
ck_9a0b605e9c3220c4,0.003630954539897397
ck_a5276af466b681de,0.002076993123175885
ck_9e0383e1fb6e214d,0.25035132844489955
ck_6a27c44b691dbfac,0.0021786255488993283
ck_af39767cf583905b,0.006012135443853005
ck_243b1b9fdd3f9a74,0.0008445024986211708
ck_c0422e638a9c6046,0.006966415031715419
ck_e0f3ea3373dfc4aa,0.30791236084918155
ck_d56ee1654378ffc7,0.006102845807117951
ck_20cd2f5666719baa,0.0005035359834413862
ck_4dfa1c1e9b69fcc8,0.0037557216801728036
ck_5d22e9ca1d15180b,0.5822622084821483
ck_f4a7ac178fd55f0e,0.0020654925978409048
ck_fd5609bd23a1eaf8,0.002028795549666557
ck_49c3bf13dc9471ce,0.036157933234958424
ck_724085c3452d4693,0.20887611289810004
ck_e5d1462846154a75,0.021057549836542382
ck_c69ef0f3e7d6acf9,0.03418016435599164
ck_a2d0417791d4132d,0.004598279008557961
ck_00a07fc2a9183c3a,0.001212971913461951
ck_781b8288e54ba8f8,0.072778964983874
ck_d74a62ab3804a81b,0.0048563005793620575
ck_abcbde211b6267f8,0.010096143942523311
ck_16dbafc035574654,0.0008429289245035363
ck_018f780215ecaf38,0.005233399534429456
ck_0b259620eac51618,0.0017135031631556328
ck_4f875342394c110f,0.01230609878558407
ck_399e45e5fe9beaee,0.0034134270364285985
ck_36224a2d394ebfe4,0.027382709499928316
ck_c189b551bd111332,0.0009810241086044666
ck_125c5a720ecb177a,0.04006994567852855
ck_76d010aa02eb477a,0.0004263980976024282
ck_1071d14c46c92379,0.9174220232069645
ck_61d244b2cde483af,0.005536568230176689
ck_2ff1860da2004c84,0.0012096185936113554
ck_c5b583490198672d,0.0036014029401218255
ck_1294f7af22fade11,0.09225644615273959
ck_e3a22799716df39d,0.0022796196235524966
ck_c77e22834ef97005,0.6466524214892847
ck_73d3689728270a2b,0.0008282555203655732
ck_295565fbf77ef885,0.001164832089756097
ck_80c0a7f54ff4895d,0.0029282139264424525
ck_f1ef5cf7f10b16c8,0.013051953778597828
ck_a958b2461ffc21a2,0.11501570082477257
ck_0e7899a57cd617d6,0.0007034115104106693
ck_9d4fed252718f58a,0.016444289198808002
ck_83c2c34add971d76,0.0012621160472466493
ck_9ccc030ba2de9fb2,0.01736188158763255
ck_cd691e3466fb3742,0.004220745392512677
ck_49df70f908dfd069,0.043556926865342016
ck_362ce13eec1e33a0,0.004948560171769159
ck_2452a30397dfc54c,0.020321435813933725
ck_a443d49c2b4863b0,0.006944459370245339
ck_c8b2e2cb349dd0ff,0.004536833449148713
ck_354909fecf5da8cf,0.010331364745288554
ck_841f598bbd54c83f,0.02715270216562678
ck_cd6fbd4e8724f994,0.010561746995436454
ck_e0b3158111370118,0.006728839637684863
ck_4c2f2eb657c2c60e,0.001551143104919759
ck_ef346071f0b7654b,0.003746957726010788
ck_f3bc10e3decefce4,0.0014381048402473456
ck_189b6fbe9b9192e7,0.012069852049823063
ck_5245cbc5ff4d4fa6,0.004174216003981107
ck_cb42e3be6fe87f60,0.0021509129998836963
ck_966d4d713cbc7792,0.0016093399977647575
ck_1c8c969667cbaab2,0.8862671354885266
ck_d35e3aa9ef5d405e,0.05032103599386384
ck_a1c39df50a5873b3,0.008880619194413786
ck_a152165caf295b51,0.003481870809503107
ck_891eaedae139828e,0.0038659755989496284
ck_1a46b56f4734d52e,0.005525234721908758
ck_5e36042cfad96c99,0.8514375084796679
ck_02a8582c2603e675,0.010011178012522567
ck_6def9d0429e4ed4b,0.003659684535535507
ck_e137400825a1e3e6,0.0026513351217008047
ck_d91ab840848a54fc,0.0006866604477676372
ck_becb6e1c608e0078,0.0005246927160253604
ck_6fd8c86ac719d7eb,0.04198022608810212
ck_3ed4d13f12fd9d0e,0.008972178014125807
ck_007337aa99a4891e,0.0006822108574237681
ck_60c3d8306527a08d,0.0006376281878476907
ck_95458880a54df0b1,0.3116421722272494
ck_b48cd8593533fc1d,0.660986825211101
ck_021c6a4a7e3f1f0e,0.0009426078705924691
ck_764d40f865e710af,0.008976099303404969
ck_4b84357ae8ec7777,0.0033504189241859352
ck_3397c7856b4669a5,0.0012132207693923449
ck_920bb003b42e6310,0.002750217775139266
ck_8f59f11b512d5b7c,0.02831299360320282
ck_a3acf4b986afa98b,0.6552717488924008
ck_e89d25ed7bdeeaea,0.004977772703983231
ck_70e6bca473bf6902,0.0017672820634554486
ck_186161ce152836f5,0.003307400640042818
ck_9191579254663f5d,0.0015942563083438763
ck_1e6628879e9d653c,0.01049606687179474
ck_b498fa91a0776ff6,0.04467929877484809
ck_cfc2384f22954830,0.010054361003990632
ck_17673a1c2867888a,0.00045026713754219944
ck_523dce06515b072d,0.007022859136850044
ck_c20638a325ead2e4,0.0030131625976467908
ck_d3877e1f907cc148,0.004191986565777592
ck_e9a2495dea8675e2,0.004760258036702342
ck_7e561caa5fa1f3f1,0.008846577986496502
ck_455672e652fe1abc,0.9695324745437027
ck_7f8f864fcc90ca82,0.04360733985467011
ck_1ad36046aaeb816c,0.001971275757356798
ck_de056e37c82e8e00,0.007234779431374791
ck_7484c214c889fe7f,0.02097671591167401
ck_32430e678c4f9f53,0.0017396688571872446
ck_6276ece8f80ea799,0.00996272707488856
ck_ae8e5dc4b725bc25,0.0114318060785611
ck_f01be92dc78a2dc7,0.009284200148560278
ck_233397a8bd40d38d,0.0030381855577786402
ck_f8124911450fdf31,0.8330281959071041
ck_aa0a3179f1111674,0.0031426341601127872
ck_2366b29ed9887a5e,0.000582612277368931
ck_1f22f04dfc08cf27,0.002195844535077605
ck_b62276c3426d680c,0.009938504747844738
ck_d099fca88691f66f,0.028445864285046044
ck_166bd1dcbaf4d6fa,0.0004980019304892288
ck_7b1660e942436e12,0.004509116887026285
ck_4a9a791a1d409a3d,0.007513436482024308
ck_b003e5b54df65db4,0.024249641705930757
ck_64b4dcbf436f0b75,0.0055091571706976095
ck_26e9a7bb2061a58e,0.11851797509543181
ck_08b77ad5f8f73007,0.006831308179726731
ck_366616a725afc6bd,0.0593691916834209
ck_934fb5064b6eefe2,0.0011219513177253306
ck_c6abd5d57b1009d2,0.0005352884594980995
ck_edcfa9e1cf29d813,0.026514742763159637
ck_c30201ebd003fdc7,0.005216972798831158
ck_c54643d94d3ce355,0.019678530952382256
ck_02adda6e91e49650,0.012037115994971889
ck_5b73d7c5255e58a3,0.2555287163518685
ck_129ffae92dc01408,0.0005168419089012429
ck_fa321945ebedb916,0.020290972972382464
ck_8da980cb2e1e2bfb,0.003742670204854679
ck_0576b00d728bdf19,0.006463497729151876
ck_c543d82e22b3c8a5,0.0008328137811338783
ck_0027ba644f9ae2cd,0.0520311546962319
ck_8dbf61df902a6bbc,0.000837314669154729
ck_90eeca1cda79fd41,0.0005017422866806816
ck_86d7127391d4e01f,0.0006839794008332532
ck_73762038c7ff2f6f,0.0017805361715487061
ck_a1484e6215fac651,0.9685330990864794
ck_cb83b9f806e90dc6,0.09867998586306144
ck_8c6f059c95872126,0.00036223926818189866
ck_3174419a81e7caf2,0.0014892211468286378
ck_6a0f8f8fa4a3c2bc,0.005664551089489802
ck_b5777605668bfca1,0.00039218625843234566
ck_27e4de495abb4d15,0.018404530485391046
ck_7f6fa79c7a107161,0.004333470286001011
ck_c36ed9f8e6792ea4,0.006799568086207349
ck_67a1aa88d2ea554a,0.018419483557978594
ck_09748dfe4df3d540,0.0005925685521911847
ck_27fd85b1e38b675a,0.0005290324840247707
ck_2369689bd795ee10,0.0016973299385635411
ck_4eb1c12f7d092bac,0.0003515796875305423
ck_01fbafc42c8e33f5,0.0024250562950295755
ck_93c4e05699b3b7d0,0.004688394214188196
ck_afc484d1b6907983,0.0016865675246615173
ck_1b2d9cae92a1aab1,0.06557968505213763
ck_73b729cb161487f2,0.004441435500918538
ck_fe3c1d0ac090d960,0.029747812810422544
ck_408efac1d3885ff8,0.06347944752475684
ck_ccb4dd9d0a48a76e,0.001600141590378369
ck_2987eab34ca7805d,0.025577496344866137
ck_1dbf1f15193197db,0.0356900717547776
ck_4ed711fe4053e74d,0.10933610974116781
ck_6c54adce174f45f4,0.0013291438895184973
ck_a6c740041faf0bd5,0.00215012459422683
ck_b05c4d33c4f43639,0.049226347146441994
ck_032880f1114dd51c,0.054048691880523185
ck_22311b037456a76e,0.0015901072794066214
ck_5866b413549765bf,0.00321720816025515
ck_0e808afe2570ecac,0.004088938798187431
ck_634276b05f4381f8,0.00492983218044155
ck_5d8773badd0d4740,0.005866996575978092
ck_82b5b79ce3517102,0.887267488747116
ck_b378b8d8100ee4b1,0.006160488175123664
ck_54e581f71be5430d,0.0013004348055819235
ck_798ba4b8aa544fea,0.0020276703430782235
ck_3fe86b6331ff95e3,0.04390002811904608
ck_81275d9d4c559e6f,0.0010818341754758453
ck_99a4e5ef02d89493,0.005649754497414182
ck_54e2eb018d947790,0.0029739756934568603
ck_966901ea9c77cc02,0.0014054965535017728
ck_27d69ff4e0cb428c,0.06020144549054182
ck_2cee2dd7bbfc09a0,0.9104451493042095
ck_4136b00924695ab4,0.00012947402055366107
ck_59a164c40c03a45f,0.0013771308406284755
ck_3e24b026bc66789b,0.00043741326402107133
ck_8105bcf69a75ee47,0.0055188634079384674
ck_7a1782cefe26a456,0.02244625262103178
ck_970c7dc195161272,0.000449510628359801
ck_a48ec0c00ae20e82,0.006562228750743408
ck_54b374ade34e1dc1,0.002866113210912215
ck_74e5dec189761d14,0.0009178681244764006
ck_4717f24f2c6f40e1,0.018187487851108932
ck_fc8cd8a8209e802d,0.007084083356416607
ck_71db4131d7efe218,0.0019231730340950378
ck_45424ea6f0bc4650,0.07421903645216595
ck_3716c6181a5035bc,0.013641948916628746
ck_26de14b96bdad4f6,0.003377668189799966
ck_99c0a41ac9c73857,0.006258954879470802
ck_645f15bbbcff3b4f,0.9914000386064079
ck_b7e25ddd41514d4c,0.0005848460148251308
ck_d5c14e877ca7b755,0.0022276619122029843
ck_05ea4440dac6cfad,0.007861466347336215
ck_c58bafff7b1955cc,0.018573502621747767
ck_f0cf85b67a9b840f,0.008431410039163046
ck_ce1500a7f0d03fba,0.0011682117312948105
ck_d4972a775aadbbc8,0.0018306813649309542
ck_3eb6146c262e0fc3,0.0003089566382115908
ck_afb23858a4ef42ed,0.9855849903854813
ck_2c1def5c91c52a5b,0.7589441310042448
ck_72e550559487b919,0.002112365970274026
ck_0284dc2b4f856b3a,0.21658627399212518
ck_03be334935e999a2,0.002184685306498445
ck_e35a4b4a3cb4cedf,0.00867334199604232
ck_5abe57dfff4b735c,0.0023773464241424558
ck_f5f87f772388efa0,0.023516551641274138
ck_5a22cb36d612236e,0.002482419714892642
ck_8ff1e6028e764472,0.9717815934400033
ck_2ab28149b0986642,0.5639330662568726
ck_c88fc1bac79fa6d3,0.03037352034823947
ck_5b137d74bba6b1b4,0.0010923048221929336
ck_11f362dca2dfaf5a,0.009528856445781955
ck_7f960541e5174565,0.0016478953274208935
ck_d5458ba39ae94498,0.004343018342884191
ck_0a921a73a90c2e39,0.04028974789002209
ck_6ad56ef40086dbe4,0.0033877627537587268
ck_b68199ecccf2350c,0.0011243974393497188
ck_6dac66c8198c07d8,0.0064179363398475485
ck_9b9ce7bebc235fe8,0.00100743782080892
ck_6b817117d87063a8,0.011360404743399275
ck_900d62b3184378c7,0.0002703755501424131
ck_eafe9b89857149b5,0.0035297857728482907
ck_e74716a525ee5b24,0.0010773363136046942
ck_4e9a6f06ab134102,0.015078786678739178
ck_b0d33b5a3716661d,0.0015788965497888008
ck_8703543bf3134306,0.006898991693727689
ck_923d6a0f83accef1,0.004645791153596574
ck_52e37e2170532e2a,0.0899343799553335
ck_c1c5ea839c58958a,0.024118104414015736
ck_660f0006780e87e7,0.005411606855044058
ck_830b2c5d1818ac07,0.010233102051771565
ck_b080ff636932d1f1,0.0019403268903317476
ck_38730aace405f2ae,0.9976320856571071
ck_9790138467a06223,0.000771964761997838
ck_10de0b0d86b17839,0.012679849024398957
ck_c3e37a4d3382c32e,0.0019653158607288875
ck_dd8edfefa1eba531,0.0004908178242232157
ck_8153cdadd300d234,0.0007457148394058497
ck_74d0e7c2c6b63d36,0.7935076325616056
ck_c478aae3031bb328,0.0019197064842405586
ck_cf301f2194975866,0.006274469617671807
ck_f4de03f44e3a5bd5,0.002418149686616931
ck_b06ce826e593b210,0.01702915282136605
ck_2fc70b6baf6a0e26,0.0006074619094837427
ck_d208494cf5c90047,0.009071525410013772
ck_086d29ccae565e5d,0.0016123086891229683
ck_d5ef6dc116dee408,0.003470118623693737
ck_fdf0c5b722d83464,0.011634375618483404
ck_de8494b13adeffb5,0.0010178390001765127
ck_556786868599143b,0.004891465283968023
ck_4940e78cbdcfecf3,0.005226112944396844
ck_d32fbbfe32c00416,0.00313412303586462
ck_bc7710f7e9fae649,0.008791649916078321
ck_416f7ac57da081a3,0.003931155144858838
ck_6fb39b60c67d5475,0.0008310018583382279
ck_e40a156511345d6a,0.001082642557903873
ck_49ab879b5aa7fccd,0.08948202584996502
ck_bb643194d1cbc47c,0.9932030083123095
ck_b3ce8f1bcedfa043,0.006533667379925038
ck_558ebde8c29132a4,0.0027466408670723664
ck_e6222925762273b8,0.011705494144058547
ck_bd80546b4807dd59,0.024051641270202262
ck_bd21164bd2bbb635,0.008071918564247087
ck_ea835557d7043667,0.001296801830719665
ck_1411a80a157ff39c,0.009288534046942458
ck_ab973888c20c9120,0.06757874614348877
ck_95b48972061abe82,0.0036464041752376133
ck_fc4a43f8876bf10f,0.620559047304116
ck_f34fb7ccf82f41e5,0.0023311651187377
ck_5af9934a56801ac0,0.006602304278187625
ck_fc7445ec76389a58,0.627669996322746
ck_1eeacc26f02fbba4,0.00867716415236896
ck_4f325dd15c9bd45c,0.011336820996526942
ck_5009a6c8bbaf15ba,0.027645476031742083
ck_0f3de7f074bb33af,0.0023657749276854907
ck_2cbc2f93a32eede8,0.011021731127707697
ck_4bb90a61c21a303b,0.008027275956656081
ck_3ade9eac7d7b0dbf,0.10626981442876215
ck_4859a58629622915,0.004803067080763889
ck_5fed957287ebca03,0.000910950750717978
ck_ec01ae5351500355,0.0020174551828733523
ck_703b41624ae6a5b6,0.0009185313749524756
ck_97c38e7f61c27e47,0.006147788155887718
ck_db2c0908150cb2cc,0.016472095100109285
ck_64ac5e6fed86ab60,0.9889804149774027
ck_da1c853b0a061e83,0.012507262000792815
ck_9a36916b60178ded,0.7450587458563525
ck_3715bfa7fed2c675,0.0027828273379260494
ck_dd3feb77d7d4f6d3,0.00896980526144935
ck_982ebb24174a4ade,0.004991016060066268
ck_f6b7a10d47dd9a1f,0.004287510623983058
ck_1f56fe99f250cdf4,0.012528022821626636
ck_deb3ac0606d6f6db,0.0053333328310226176
ck_e666629e5a41b39b,0.0018397561413318062
ck_756d2c13d02b3e09,0.013278852262905413
ck_7bc752ae7cf5d55f,0.00664330744666615
ck_fc0cc4b25e6a8194,0.008398063860381654
ck_9b2b0e286de78a1b,0.009093391856175845
ck_24b0803447211bf3,0.02230184176229653
ck_82eed68d05a42128,0.02764186256558066
ck_c8a03c516ed5b05c,0.019513588328806997
ck_e914974cee1bccb1,0.003679325370187975
ck_0c533ff2d0f9962a,0.020283163505589192
ck_c12805fa5d970a83,0.023501191196861466
ck_fc2cb29918631f10,0.04268478698148467
ck_c20e89afe575549b,0.0018628699972947852
ck_e1ff9e31becc27ae,0.0092552706224326
ck_18116d0ac08f1996,0.9086590373110175
ck_885a83975cea5e64,0.0027130645337227802
ck_a0c3059a959ba5d1,0.02657091878530138
ck_75257ca7d7da2861,0.02875501721229837
ck_2210f7a0d13bdbef,0.026825181515034543
ck_9cbd9ecf8374f65f,0.001795669628160543
ck_18f67c00ba21fbde,0.0023719741386177356
ck_2d28f14d3973d8fb,0.00030967253927063947
ck_8b3401b44aaae728,0.0018541845113058894
ck_9d8e9ef37797d3af,0.1644770546983262
ck_9f50920c894f64e1,0.001168286821305841
ck_4737e0d56c6fa0a1,0.029501943517805256
ck_52c311f29ca3aca9,0.00026869814661200183
ck_6a4981bc721df37a,0.0056777533299421645
ck_823539d936c55fc6,0.0005900217373951275
ck_df5aedb4118020bf,0.9079883305297897
ck_a911a066ff0f7b56,0.05043048412706965
ck_684609767df4a14b,0.018669780758440474
ck_f2350bf355dc919e,0.003604592361646362
ck_8452b6cf97c65a5e,0.0016773778254902322
ck_084cd84501012218,0.281153057562221
ck_ace6b72e5bf3e93b,0.09100615523936623
ck_2afdd69094c955c5,0.009332205753460531
ck_fa7d5be26bf7b31c,0.12269466757872642
ck_4b041217690fca2f,0.007171513551671088
ck_9fb8e3d38cdf276d,0.9854616649217891
ck_c1ee56d65a42f59f,0.01388108346641465
ck_fdeaa1cd085691f0,0.025610780877832227
ck_5de33a7a87e9aa62,0.040594369735886544
ck_7476e7fe1ff45545,0.014405387980341904
ck_b0a947b498e47018,0.015921780069070426
ck_e3894ed88a7977e4,0.002483673768284194
ck_c7e07ebfb0bc15f6,0.013096017957024532
ck_3a3daa8b376f2a18,0.0005598524335191725
ck_87809324c2675b0a,0.017907338638292608
ck_7eb4f33260f1dcd4,0.004893903442854233
ck_ab9f0e08af030060,0.011228428052664635
ck_5b8fc4a76f340797,0.04303700237197151
ck_0e7bf10ef49aa818,0.024086590625942605
ck_a44462a3853ac67e,0.9920615791964388
ck_2d14bcd2e0fc043d,0.0019022716606616945
ck_df1f2dba802296be,0.9635590390071925
ck_466a7316eaf149b1,0.012644070768170312
ck_50df50af592b0c06,0.003657589430260283
ck_5f9e34c849704b95,0.0011119610449458717
ck_7836bf6def26aa87,0.028184086720208043
ck_ba175b1bd8efaabf,0.005646086443421315
ck_1a0aac7f7b94b1be,0.1805583626538351
ck_6768c4b2aa8ce586,0.01352086920263675
ck_eefcf0ed15897898,0.0026412351601454386
ck_7a6cb27e390b6ceb,0.003968070925937294
ck_5275be4e1577c1c7,0.002122741128832875
ck_6bc0e5b8c0b7d2bd,0.01451021679608449
ck_4874bdec79f9106c,0.01021030565697201
ck_a678731156ad7bd2,0.14564529219790487
ck_db906debc36a5d1e,0.020615642042839655
ck_e87897767c612942,0.006275785699235463
ck_45ed5ee496ef8a67,0.006181225403971151
ck_ae20e28f9854f3ee,0.016780214781669116
ck_9ee044b73943a90b,0.006150243467792531
ck_dab34cf6f0626c9b,0.014582653309571017
ck_64a02b7b96149810,0.0007773816249429471
ck_c417d06f3e94685d,0.0022369522178531474
ck_3e0149cdee4cb294,0.004625604431534928
ck_0e6046fc30f81705,0.01074452539269132
ck_c383aeabd53e9c89,0.005045768357364703
ck_2ef76f1f36e8b869,0.07460340906049358
ck_43948784650bb9ac,0.011054643588357645
ck_bdb966f43ac350ee,0.012770148282886059
ck_5bea0e0ee0b094cd,0.006401276657106538
ck_dff090f03ca5529e,0.0009036519008111385
ck_a4691b57f837d88e,0.004794792539283275
ck_99ee90946395d74d,0.9521214867786107
ck_cc81dbc83a8879fd,0.002717185527434328
ck_f3dc0725621b3a35,0.0019822670030817916
ck_1bb212d1288b9689,0.00394955518419303
ck_9e7278fc7679f002,0.026496597071326008
ck_3ded7a8720d7e311,0.002902474792898079
ck_798157bcdb9453e1,0.00039723094380485154
ck_9fba80f56f357fe1,0.001190184636690203
ck_f1e1c8491f16f912,0.007945974691140447
ck_7b1319a5ca2f63c6,0.98431376046468
ck_124432fd5c92af7e,0.7307183831797547
ck_148cb0c723284dc0,0.0027465723102786197
ck_b56c62c950eda009,0.002113571678728524
ck_a0498755cd8d7188,0.0004189597685321826
ck_5379452a9d74efae,0.001964592046261365
ck_6c2453229d608183,0.01846796922631232
ck_f9d8b4813a88c1e6,0.0029599842810506803
ck_c2c7d1e45a521857,0.007712678920094709
ck_4364a83a11743888,0.0017195768319479372
ck_2cdf5fd97ba75e06,0.08544919935966144
ck_71bc01291e0533a0,0.004678835873909018
ck_a725d7aed2a0bdc2,0.0008488063231642645
ck_a9b0c4dbd7db6a91,0.009162481612257382
ck_a4258806a533efa9,0.00889538064082902
ck_905e460591d9a278,0.05792072201049351
ck_20de8abfd8960ee3,0.011620426037101145
ck_252b0a0f1119b220,0.0005655945096519516
ck_95e4bef65c36af1a,0.0004991597695634338
ck_5ab68b434ad53fea,0.001993657452068752
ck_13677a1957078827,0.0013890583716480093
ck_d251e9fa09e542dd,0.9961927574234873
ck_700cb620f300dd47,0.006176984128444179
ck_39a68c55a1bd3ace,0.10296713163969984
ck_61a59a7944d6c53e,0.8214132836769211
ck_db6d1c6d31da967a,0.00262183041134148
ck_650020c500b1b50d,0.008851111236576177
ck_d812eb6930192793,0.0005847258886180984
ck_92f6ebc11ebca89b,0.0732551416806552
ck_d87e26eb5bc84b01,0.0011300815133502985
ck_66439e697695224c,0.0009961249254492905
ck_f21efd504faa654c,0.000854060679669147
ck_15eed0f5652f0352,0.01513891113393471
ck_bcdbf57d98dc0d27,0.04329732346022553
ck_873ceb8004d3a9f7,0.02502591427214712
ck_70bef9ddd4bab005,0.0008214725510338042
ck_7560f1891d66f294,0.0009554425550791123
ck_f439f16f8693883f,0.009787310761435053
ck_14f9535e53f9c7a6,0.008836643313891729
ck_5984be472d2bc267,0.10540757604083197
ck_ed01be7504dc4187,0.006645908949928285
ck_dc3d8b5c17b67ae9,0.002031175005927278
ck_9dc23031b6b494af,0.1292350504929681
ck_fbdac0221bc03f66,0.0068632817478139945
ck_863708a99b92ef0d,0.011456930296957142
ck_22b52654776a1ea8,0.9692083320063379
ck_a0714f98001efa0c,0.011708483221258248
ck_9c56114f84e9a541,0.005118090326700262
ck_e155cf506b2fb699,0.0014411565252575897
ck_65ed7e72f24731e7,0.0034167618873279814
ck_822d6e8e43befc72,0.9505250345154533
ck_b1182471d9ac6b26,0.0008958115798015379
ck_821446adc95e6da5,0.002586476418465646
ck_ff182f033134dbb8,0.007265316113066199
ck_9c5feef7647b0588,0.001770098571068855
ck_df935d8bdd44883e,0.002742607137192261
ck_01eb24c18ad11fca,0.026473399809068612
ck_00d6730134a1eb51,0.009104230211201273
ck_79ba8e85678d0224,0.004624590195970546
ck_97e3b04a1350f6e4,0.17650013647464988
ck_74e9747954a46eaa,0.0034052241208043696
ck_397d5fcc9972f909,0.08085253769683613
ck_9ede89e8a43c3f53,0.0361080720798708
ck_303b33910d67f306,0.0004761086202100238
ck_3c17841636f6f7dc,0.004475034893389254
ck_78730527f8ba1438,0.05139346676544263
ck_5ee32bc6bb5d1d4c,0.039136959743323325
ck_a13fee8cd925d0dc,0.0031331893295103047
ck_6f847263379f2e43,0.026241694969812324
ck_9b9d9e579e7b55b2,0.0796972368549078
ck_87c1d0a79e79c84b,0.013004192284373384
ck_bfc453eabb472f91,0.004867709910315204
ck_978c21bb5fe3171e,0.039724553509906474
ck_dd882323474431d4,0.044991890851180466
ck_533c4f7400d5ab22,0.06958386062847992
ck_5f217bfe28954e75,0.9924001998896568
ck_ae96d35465b3b4bd,0.005777906004111633
ck_512ebe97c0af94dd,0.010336661883405861
ck_f558fe02bb0219b8,0.008974039236078535
ck_84092e23d5ef4d51,0.015114111502649274
ck_17d3022ca12eacd7,0.0029514784628792215
ck_8a8f81bf3558fd9c,0.0020072868448324597
ck_0ada6fed1864e7c4,0.00598577767552357
ck_21fe7bc59dcd78fb,0.004877538367419472
ck_e136e20c1c74fe38,0.00154051994728956
ck_e7a530e09d113dd7,0.3097526380190176
ck_7cb0c9ded4d63027,0.024242558045965607
ck_102db9615e722c9e,0.008444373667005877
ck_129e39ddfde92eeb,0.0008495103884119656
ck_d730ff21bfd7769d,0.0029707313622524185
ck_54459b45d2be8459,0.0014345246919497767
ck_7f1c20319eb60aa6,0.9970071342406909
ck_939fede90473e412,0.0017798603942097578
ck_e0f9506a6d5f4a1a,0.011222376881819164
ck_9a4967cdf49265cd,0.1093505410346687
ck_b9eaf03453ac7d5f,0.0013488129536477877
ck_522477be6376b450,0.003643117422312752
ck_9b6282e3bad50710,0.0027219887063253483
ck_a0e3a2facd508e49,0.01456469803259794
ck_97ffae702f7c3d08,0.0014379337827614194
ck_344a95cb7115ec67,0.0021223867307982778
ck_1f2760764afa45e8,0.003101557175572918
ck_720cd658d11ea428,0.029907047834527568
ck_04e32ee9834c088d,0.7675751733260451
ck_2bb1389e5e72c8f4,0.026975937641317088
ck_961e7dbc217cfbbc,0.004396578699341463
ck_f3bce4eccfa6d6bb,0.0016027243974368153
ck_e0ccfa0d689339be,0.0034435737024864355
ck_98217aeafa0bfefd,0.011520989907912704
ck_a02aeec1914c158a,0.01936512840219568
ck_20a17e8f206a14c8,0.007246416402098936
ck_114c32aad4b6183f,0.028866401957364618
ck_79f5198f0decef20,0.0009363903558644407
ck_2209de229b4c71c5,0.010475572661472511
ck_6ee939b7f396975f,0.007213443002884933
ck_202f0c14b07ace01,0.03126900982703695
ck_fa24db9d416ab904,0.0033051522420891634
ck_cf6aa24b92c4d33c,0.4304626482382979
ck_45f57fb8194cefc8,0.005830889879547487
ck_d5eb179dc45394c6,0.00549233694651603
ck_efb24be983342f75,0.0022068924346083534
ck_245f5d62ead5ef28,0.02057617220759084
ck_15fe2a47fa7e92ea,0.001626926887361624
ck_b6527a85fd682554,0.01008789020672993
ck_11f9390a11ce9ff5,0.00488580198564544
ck_ffb4d892c5158201,0.0006661769475065678
ck_d4c1da5a1427fd6a,0.015548868516491584
ck_2c041b1efb1c5063,0.005221915490587437
ck_ecc18f40b33be769,0.012932558825478486
ck_0525349f3945375b,0.08936909902099682
ck_0bfe62e0c7eab9c9,0.016293740385216495
ck_b7c37d410b1646c2,0.0035697004072326156
ck_4b15b0746318cf42,0.03616753434718959
ck_e5ee006ecd8ff661,0.05769762401556706
ck_ccc83cf66365357b,0.038741967975804176
ck_34a33ffe8339f66d,0.9893498108723034
ck_4e39e3b165edab58,0.9195109567440953
ck_1a71f8081ae00190,0.9837379244362139
ck_ed8f1200fc049c40,0.9701860290182402
ck_8a5a57858e8c77f3,0.04593444301654759
ck_fff9fdc2adf5100b,0.9394266597369197
ck_c76f1bf40f3b787b,0.00041664529924960767
ck_1a6ddfeef82b1b1a,0.004911819040388571
ck_478d2667aa9896d9,0.006064999811826753
ck_641c8e7694b21f3b,0.004270685632980991
ck_293581d879f6663b,0.7492843214843589
ck_1bfa8abdb22be8f0,0.042685222590820505
ck_05ab5b03d0bf9ce4,0.19558321393659292
ck_35694db37f0cde7a,0.0005724833646425099
ck_fe33eb743d714c03,0.006365873412837582
ck_abd10fbcbaf2b038,0.0049728531122666285
ck_46d51648c1bf80e5,0.3369963762044119
ck_5c8390017fabfaef,0.030978737246948742
ck_87d55ca333f22072,0.00045876401818261206
ck_c39c6a1453e2b92c,0.0007236517259203566
ck_69ff1b0aa143a168,0.00028154228488090394
ck_e57c79eaab35ded7,0.0039163622553567345
ck_463ae759e2b6ad1d,0.016738715051309742
ck_0dae4a7eb587f3ba,0.008576622098346752
ck_9b12fb56529ebc4e,0.008245811394557151
ck_1af547077ba2dd03,0.050431900503063426
ck_de13de941bebc7cf,0.00023058850136048614
ck_83dde7da2bf647ac,0.0003800787826283803
ck_c80a94d4660041fe,0.03130760511165389
ck_f39cfeb277ef6528,0.0007818983446931598
ck_1cec1ed1512a2d3d,0.0004146512679490192
ck_7955a359b6448799,0.0007756804289698584
ck_8c0955dad13c3ca1,0.0022218280721674477
ck_6d4cd2de601a2308,0.00224903751411713
ck_f4536ba8dd2d551d,0.009380753412033444
ck_b379c198d6db2d62,0.004000419850339592
ck_76ea90ebc74bcdc7,0.017996416733547547
ck_734f06bd4aa92781,0.0030634147265605496
ck_677e1d0c14cbf569,0.0013396259046358214
ck_259271c70f3fbcbe,0.03952657564995591
ck_c0b744eb9e7d4eb7,0.010064134440290999
ck_3d41faeb96802f68,0.002207484517941221
ck_8f604fa70fc3c8e3,0.0037790785527493445
ck_0b3c3bea0e0ed339,0.004408649978456724
ck_be5df076b8a86409,0.0015904341032619241
ck_6a475fe324d7d790,0.013389601997839541
ck_3ba3fa5387bacee8,0.0004522873203579336
ck_324b9939d9c1c31e,0.01436466663191728
ck_a7fcf7b592f68ca1,0.00782263815835806
ck_5b2728f7cca414ae,0.00029820241373183586
ck_5f4a25ffd0b85a47,0.0104686869860566
ck_63d4f5076fe4406e,0.0022838034661744667
ck_af528d66c86f0cb8,0.6445322720633706
ck_ac7cdb9b8da7b5dd,0.005914461900892982
ck_3bece63711407e25,0.012885349129682195
ck_d4e0b2a12fcfc35e,0.007363201039053971
ck_ee3e7c9d3a9c74b4,0.011555185737216393
ck_50d7c4dab837bf66,0.004956000282125666
ck_ebcb93a2990fc914,0.04566885416587182
ck_2329cc9702cdf7a0,0.023337242479367873
ck_db1fa53d588bf99e,0.004118996732992424
ck_44e57a0bad5a0745,0.00968340696575212
ck_472c81a144f4631b,0.001796706307659628
ck_1658429acd5306ba,0.006031073954822149
ck_466103ec5bd9444b,0.018833644846355562
ck_9757163e25262b74,0.007823682726105568
ck_34ed59bc2c9b0186,0.0009514390099828701
ck_b7bd3a7f263f4f29,0.03565919369259633
ck_149662b09d632e41,0.005237239187872197
ck_a9ffd6b3957bd41e,0.0009880245152550863
ck_ab80466ef615e85c,0.001110994997283195
ck_f2c824d3473db24c,0.01185222535428788
ck_a4a01fd45936b078,0.014652428184854674
ck_8f6ce158c2902877,0.0003420217263048377
ck_5189a302cfa7cefd,0.0004004066513251991
ck_430a3d03be588201,0.0017616357754416873
ck_b5f9dd00914b4db4,0.005565393474033439
ck_52dec82e9cf6135a,0.0021920594103405078
ck_95e444a01e2ab4a5,0.005003571642511706
ck_e37cee7b123692af,0.008942375230268836
ck_d68d42858a55adff,0.029379900557234384
ck_3abfc010091d679d,0.014937613351482498
ck_cee4e4e1b62bf82f,0.00963747658522615
ck_9ccb17c35e636c5e,0.002058319909158432
ck_f72a5a3b0d6c1177,0.0003555071511541764
ck_7508aa554fae6afb,0.015283905373353007
ck_003aa842b7ca1d77,0.16845526916565765
ck_83b2b192f41ee2bc,0.3352057499359294
ck_64796b6b2c3c7f06,0.014146307808607596
ck_6438ae81d43cb196,0.0017759405247734993
ck_2bd73d9098504760,0.011373849621696448
ck_aa8b9b36a099e4c8,0.012448899264991327
ck_e5ece47d0dd10526,0.003796276698107335
ck_16077ac345472e6a,0.0014236090042184489
ck_a4d6e152b0076964,0.0028508255141182896
ck_d90b1d03ae151f62,0.007686111955564188
ck_18b36d342b530af4,0.0020057596920184414
ck_2a01e610348b84f8,0.02353661672963939
ck_0a93ed76bf36c8b6,0.010661696464960494
ck_3d56b477fe2370b6,0.058330312186449795
ck_17ab3068fa303682,0.00135003457830222
ck_592a3520d841d11b,0.012334209532376744
ck_84d07028b5fca2f6,0.007652752610122247
ck_f4a2bb10afa85743,0.0017934520248965643
ck_4fe4b072f03f2c1e,0.0013283655185060974
ck_9ad08fcc183ea1e7,0.0009239251228633259
ck_130d3848b9dcdb05,0.004647091344110213
ck_bb399ed6bf28c230,0.009957816704058193
ck_a31a64a39a2c4941,0.0014557273599042882
ck_c49f25dfb39909cf,0.0072854616292706495
ck_55f50a9ae2db8ff7,0.003660093786410572
ck_09faa4e771cf876b,0.0013395497774503452
ck_df520a7a6e405889,0.11476932157601615
ck_8c8c98cc694ac900,0.005565616142892471
ck_7f0c4f609673ef62,0.01516066667714827
ck_f51fe59cd445d2cb,0.003997152851511457
ck_b3fb83f0d772a831,0.002483582106556708
ck_d6e7e257751c299b,0.0010573565859801166
ck_0d362ddb4a1cb6d4,0.004594487586151299
ck_a574a08edaf81781,0.0019521424427782475
ck_a823f5bcb0e4b9df,0.0005464807185932885
ck_f792586ad0381eac,0.008274973858032946
ck_54bfd70022c66983,0.0026379224934777717
ck_fe0a9372c9372de9,0.0026835728194968198
ck_5691cd6fdb6d8147,0.011872253988994224
ck_a95f212a02433d23,0.004288972187606373
ck_f5adad75e1c06731,0.05862590595310364
ck_e09c97520eb0533c,0.008530396493280544
ck_a1e13c0d58560340,0.0003740998282125102
ck_cacc2ca410cbe80b,0.011356756640524069
ck_c0dde2a6ef1e08c5,0.0013272716712630112
ck_a04403073c90ce38,0.00041300909545283096
ck_03d3026107175dae,0.01601812511709332
ck_50176dae5b1b716d,0.0010077570654892425
ck_6c084bfcb38e96c3,0.01089060224438168
ck_36d2be9012f7909e,0.007414115465923678
ck_958acf84c6137a22,0.004797684094178942
ck_114722e12db90a73,0.004501671821495483
ck_203c2a22c0c165ac,0.0014873419011403163
ck_2c44ca550e5cfa82,0.014831254147539143
ck_df0a8f20ab8f14f4,0.031505513570913496
ck_826a27ff7555192e,0.00475562448634722
ck_09a988ebcf062297,0.06866517484853546
ck_5c82444b3b9160ae,0.0048544998836025765
ck_f6a4a7ed27fe76fc,0.012386483763598062
ck_17de46314b5c6a92,0.003703673623969504
ck_335e63101b1e6c4c,0.12340833510598585
ck_c5eefc0697451de9,0.011492803171387093
ck_49a0efb5d4067b6f,0.06271495058816985
ck_c1f4509c8f5dac5c,0.00380330637394405
ck_57658eda1c59bc52,0.0010466120598605492
ck_0d5c0736ec76385a,0.0005936588024776692
ck_e0239e6ae30795a7,0.07816621763166072
ck_e4459115cd8e5e4f,0.005269807933611765
ck_bb4aec09d4968dda,0.10521659553572378
ck_a1b4c96faed3e0db,0.024218428849804092
ck_8247b79ac67aae7d,0.00448113180328623
ck_fe2fc7d6e5d83f09,0.0010808036241352328
ck_f6aea576cde8d592,0.0005535961173623784
ck_b7e7f7d0cd886412,0.03838758087706619
ck_ca7b993e8286af7f,0.5657301851931434
ck_47de038381a9cd65,0.03139073992442433
ck_d38f941d09eec820,0.08647663813806515
ck_d9ba2a6c0d926b4d,0.0014581425674452659
ck_cda72f597330d0f3,0.0009295127097693547
ck_16d2d27fadeeacf7,0.003177204943714759
ck_be05447853d423a9,0.0006349465174180858
ck_cd92852d7376a4a8,0.0005457801978195478
ck_2faf7ecccc9fec58,0.00039957308106825396
ck_db8733fd92f20cd7,0.0029752074054632716
ck_a9989a3a94c26634,0.011934706459228644
ck_957fb25437c75e41,0.021202226152503955
ck_e6a6caf6e7de17c2,0.0031999071385109368
ck_f7bc569b37e8bdda,0.0049592213070683575
ck_703b375dd86a6124,0.01262700988282456
ck_d3cfb3603f2c6ca3,0.015021230752022297
ck_07cb2b6f2a4303e1,0.009544458867813372
ck_31631e2028d4f855,0.002345069704057462
ck_1631bab0ba1256db,0.01891223488322298
ck_5fdafeaec036f016,0.014477460681664674
ck_6eda4c36aecad602,0.0015782113134164546
ck_bd1bf9e3e29de281,0.016110707902467897
ck_bf378ea558a4125f,0.8370037660017432
ck_7aa2deeda0e57412,0.9947390377126161
ck_d229cf7f5a3f38ca,0.002706863325383821
ck_9e109edd124492a5,0.0013238610103506812
ck_779491819995625d,0.7065747543896214
ck_b89c6fa2ad0a12f5,0.007111263807893414
ck_1d01b4a609918c4e,0.8700182168540472
ck_714c5d7cb17bc9f2,0.0038004430772219464
ck_269f1746f2609ed4,0.003593964645999812
ck_4be03a2aa62b93c7,0.0007559631609327911
ck_cf920313f6dd28fa,0.00793949786408715
ck_fb00aae4e17740c5,0.0024818753531363636
ck_085d8c42739e2b10,0.9959221682980103
ck_c72a7d0d03cf3e17,0.13017949839684084
ck_8f6ca5d3b17eac6e,0.0007090682053327214
ck_d9573100bbff4014,0.18393791269209492
ck_79d6793d1d0cf43c,0.0010823944096188091
ck_91fa5032f7aff0f1,0.0829007357130347
ck_87110d84872c0fed,0.011606525014987776
ck_8220da627e9992a5,0.0016939966055019961
ck_2ae44938847f3852,0.005107758479105198
ck_b0f191e44f9b6f35,0.0153059062305334
ck_3049d744b527f4d0,0.0025334768994743793
ck_47d3e8d1dd3fbcef,0.02494597895465568
ck_ddf787359d2b5deb,0.0002578368611103159
ck_b27a9e39726b26d9,0.0009194707777036426
ck_80c4e9274cf976b6,0.9903828409755938
ck_c6afa913168ce8fa,0.0031167246973049247
ck_52427b3f8478db19,0.01050027535543307
ck_3b810f15ca0eaa55,0.0024994253927395123
ck_0c9e420f97baaa06,0.6570324609789779
ck_f8540cf3a8b2f8c9,0.11646822337537806
ck_1402d24dd623df72,0.0025135310721560705
ck_eb4f4267e24d042c,0.0031258452600301644
ck_6f661b428d6fb8e4,0.031584837972129076
ck_519a26ecf3d29c90,0.0014506508312594195
ck_e886ba71d4a6fd73,0.0036212629243756074
ck_437f9ecd2016a1a8,0.0022853297191994804
ck_f01af1b0c977cc06,0.001887001379988351
ck_614f777c2eb5d537,0.002505077734393945
ck_b804e784cde9af8b,0.003134924133979833
ck_c2dccbc1b24b137b,0.2552404207696425
ck_1df4a1781a0f6999,0.008717688476269797
ck_bd2cdd53fca26171,0.006435733439365387
ck_424c254249a109f0,0.007316873364445303
ck_cf2ca4f286e289ba,0.024303674121754132
ck_6c33cb15b0d8af54,0.0051644908788687416
ck_311d395fa9b8550a,0.005616409575706113
ck_9f792e7e721ff7f1,0.000802056017463406
ck_4c37586080edb7fd,0.00046265557734355515
ck_7c4f42c5397113b0,0.0017159598135984217
ck_fc418f53ce4aa579,0.9622123845732607
ck_1ba28fb7ef726ce2,0.003518658940883597
ck_d932f98bf6b83956,0.09159837120180792
ck_248b3659a9239240,0.00541684634921337
ck_6a92cf5f4cf5de38,0.007056001688469389
ck_65519d0fb137e0c5,0.0026635604866049076
ck_ddc3fc99eaba2064,0.037216018007472686
ck_7310cda3bc65a73f,0.003035926396453823
ck_c01c85bd631d4054,0.0010627927603254473
ck_b4954d16b9749829,0.005803796042221543
ck_f301f6758e170d66,0.011352131171038385
ck_9bf95f8c47e7c7b4,0.003419264993428916
ck_c91b7fccf6aeb4a5,0.04248549141164546
ck_785fa45e86bc5e95,0.0035908422978557816
ck_2a65f1cc23f1180e,0.0008749406336994553
ck_a49a2c1f881a3560,0.0028980828351095477
ck_def344d68f06d749,0.014277348102273324
ck_abbd1465fc730d78,0.003615210140455819
ck_07a5610ed28162fb,0.003570259582277569
ck_7ecdee2d7127be8b,0.015297138159654305
ck_67858bc00e81490d,0.0007924519659012517
ck_b4ad165ace910222,0.0023007953821873465
ck_30753ffe481a1b8c,0.21042492626394785
ck_c401a26725b17177,0.0003965403038884996
ck_819988d8a7f26415,0.0007756580023536196
ck_3364a1d9261b3638,0.000945321265419687
ck_c484c5bda389bf20,0.0007953301341334534
ck_ae416325fef92c9d,0.9740436750638845
ck_5517b9a865960542,0.0019744195527177603
ck_a0e96fed380440b2,0.004083972887678206
ck_e83409471d2b0b44,0.01133988172372305
ck_127273af97d7827d,0.0031701605465248995
ck_aaa9861c91bd14dd,0.009653724138391828
ck_a378c58294001a36,0.8942868485060996
ck_abb9d65ff1f95b64,0.015039604836130633
ck_a5ecbefa849ae569,0.005960951866628632
ck_aa9953c0ca2bed7b,0.0003152729443552684
ck_40bc6de252865f32,0.0012788534048170219
ck_9fb11688dcfe1513,0.0034356946748175174
ck_ba68841ca2ba073d,0.016939730300768445
ck_1d3e561a7d20be0a,0.9894126988361799
ck_99a92d710a29c1d0,0.0023218683976605962
ck_ede2e887697ffac0,0.0013366212242454211
ck_e6de67c0d82a7b83,0.010192174047566513
ck_6b38763bf5ddbcef,0.0053010284006522876
ck_8dd44eead7d765a5,0.011980069080814046
ck_30bf5b0056eea9e9,0.45003384445546035
ck_2981d16f8a51a8ed,0.0055569703027713345
ck_fc60f42c68c7024f,0.010415554863415529
ck_8e2b2251ee224aa4,0.0035545626097046954
ck_1906f0dfaf6e9bad,0.3122895093973777
ck_dcbe6814fc4ca0b4,0.010582455087494084
ck_f7e958a286ae3b57,0.001526291283340804
ck_713649668a7ca824,0.00544480599138675
ck_6f73cdbf9305e2ea,0.006845823669900314
ck_dd1c490050cd9051,0.01119023005632145
ck_e30db36e376606f7,0.21532174063521467
ck_740d8fe8028b5a2e,0.0044296821027272485
ck_ebbc9418cd41f692,0.0006973836814569823
ck_7b3cc6cc3f250f39,0.02366097844978444
ck_1d30eef7110809e5,0.4874055453874666
ck_77e0589ab339ca66,0.0023606945329650926
ck_15ccbf8ff7d14086,0.004378934382920551
ck_246989b0c288664f,0.013447762175623131
ck_fc2a6e27b10b10e9,0.0014018522696854394
ck_8afc1112c12f5402,0.001239362650178365
ck_a76e8d83b9141364,0.02362177351097002
ck_51d3e8dd7465c015,0.0018956705923585714
ck_e7b4016909405981,0.001566910959690154
ck_e7a3cfb9bf908e80,0.016995571861086075
ck_2bb49dc2388cdc1e,0.0010972162988600025
ck_94f4266ee7871345,0.005519413336504419
ck_b2c896beec146477,0.008650694361834242
ck_fcf5d4a4748cdd53,0.006681637274338396
ck_fd0483639811f62e,0.028458433538317004
ck_9a21d183524734aa,0.026469046019473974
ck_1df4b46c0a4c317d,0.01468656892835904
ck_638df9e8a22dfe0b,0.0029149369653721003
ck_65acc43a6dc3e65d,0.0040949208377113
ck_7c67b73196e3d0d9,0.0013224599257222658
ck_b0ee3a98175b462d,0.0005159281548222102
ck_20fad010969f1abf,0.0019007458556475727
ck_54b087bd873af8b8,0.0029759212610626392
ck_8007824431fa803b,0.0011016558981740531
ck_23aab322810b9fec,0.01070355890730843
ck_c8001bdb9aafc8a6,0.0060671727446890865
ck_3a34c3ac83cf84b3,0.0022192852727084007
ck_60187ac2c473a662,0.988539703741694
ck_6a0ccd7357979f0f,0.04828795826348909
ck_27f20337bef5ffe0,0.020680790545718742
ck_f9fc468915afe49c,0.009884812956656695
ck_1eabc15a94bd9009,0.0033059480835202124
ck_26896c494b2768ef,0.001866101813845922
ck_348c874eaf0354f4,0.007009833853422544
ck_be9c46acd216b45d,0.004784671174955541
ck_a3cce46d15cc20a2,0.007913834461853312
ck_70804f60d9704128,0.0774786702557922
ck_a019151ca8e7527a,0.006135349441902724
ck_571133b2aa8ead51,0.014065285470589805
ck_0afa4449f20d5196,0.0050926764116747255
ck_4d503c41cf4e5034,0.006279826607722249
ck_d6fb9cc5171e3e9b,0.4135941864024646
ck_05ed92a7c3e10e5d,0.008858247952066106
ck_bfb067986660afe3,0.05633504445990084
ck_c1a31690c8573226,0.0037368924614380895
ck_cb88ef3dc1f42225,0.0010967704584606218
ck_21e3b3bd998745e5,0.043892972036442136
ck_cf52e46fa54e4540,0.0005306336919880462
ck_b72c7ac4208052ab,0.007025888109397691
ck_e6465c56b337e6c2,0.02153640088140156
ck_5f87eb05d18186c0,0.0013877441557771629
ck_263f6c5ff26b5e98,0.0006164628916337226
ck_e0b7e2c0bbe228d9,0.0015259360228649307
ck_b657ae3c146cb7bd,0.0021948713310238365
ck_abac514d8167ea58,0.01760151559272711
ck_024dcab126876002,0.007144200980627371
ck_5d8481e2b38bd99d,0.01609251854738213
ck_edf229c17d25dac1,0.07337506653486905
ck_6cb7c97b72d6b5d3,0.010783970879630789
ck_c96ae2c28086a059,0.010450867930258
ck_2f241b97c0f8389e,0.005282079525470814
ck_9158bdbb63ee8987,0.0031817358954840716
ck_e7b40b60786c1530,0.002158401149841593
ck_66d38518f68e6194,0.0006709000329703144
ck_8c9b57ad2a991416,0.0014835174968947783
ck_cc91bd7152d3e9ba,0.014327238032996107
ck_0d846660c7957a88,0.001628473675401661
ck_60896cdac2212bea,0.043950812919814446
ck_dc4db8b932df49de,0.04026191755409987
ck_2dc31db181150e20,0.0032736434521883594
ck_2f138fce1171e277,0.00834925031832578
ck_68b8b859a6ef505b,0.010044266694728146
ck_c3fe0c6c5e1f40f6,0.002020877053078298
ck_15886fe84866de92,0.01893609701420223
ck_ea269b35406473e8,0.0007746967676036313
ck_3ce7cad1f69b71d6,0.00833044118692649
ck_054ed4288ee58d6e,0.007419491767549848
ck_3d4913a86f207fee,0.028240043512842896
ck_23ff85f9d2355e8d,0.010247553930494398
ck_d87ab3261322216a,0.0006219842061975469
ck_fac046ce336fe39d,0.0023375791741535494
ck_beb97e498e6cf8e8,0.009975638231971501
ck_1f517e0ebf397b51,0.00460715707000745
ck_0af57ebaa45877a1,0.0020471298006723765
ck_f99bc1732ce5e999,0.012564799920452457
ck_abb056a9deab275a,0.022817380971506086
ck_0bfc394c5faa65cb,0.004938494551822084
ck_ddc865af1dd5670e,0.02591509479172027
ck_68b5542459638b56,0.09460032479062085
ck_0b1d84252c0b46c2,0.002272324111706411
ck_520ec32c4f253604,0.016734839323633576
ck_79ffcfee599d77c7,0.00684203374345472
ck_eb224c0fd146253f,0.06358797559947973
ck_0e477084434da450,0.012247296439940917
ck_07840bba5570785b,0.036579751156075396
ck_6b67fe8e310ab865,0.010639841868368036
ck_e2a1068c2fa22525,0.008953095894022682
ck_b9c6b32f6bd92a3c,0.002307387700724275
ck_c1e7d1021ae58f00,0.0005516241284220886
ck_5d7801201749ffde,0.011733874538000039
ck_c8806749e263f70b,0.0005680046083066987
ck_c9eeab826781dc91,0.005297545911810783
ck_309a432c160a17b3,0.005954178709541023
ck_b22e3337b8e3dbb2,0.005973619170271837
ck_79c30169c71b8033,0.8937176656953333
ck_5a6593d954085775,0.0011438205826979706
ck_70b9b79ea1aacba8,0.012262675863812614
ck_63743141ffa11f45,0.0033741106179831296
ck_dfd3dbd0d97a642b,0.0030199818415780374
ck_635646a661f05b4a,0.007428175810497278
ck_4b123d6931b6d0d7,0.8931507654482748
ck_f2b0e7a47f442557,0.86403994984233
ck_1b1df006b81d38ba,0.002463945114548717
ck_360237c1bd30f4bd,0.0012504837712415725
ck_5e84bca0e362da20,0.006747982945736138
ck_142dba210ed2f3b5,0.013404473121398528
ck_a3564236069e3524,0.0917520981455362
ck_cf36d8b070ded782,0.0031676211795435226
ck_ddd6625c5eddad70,0.0016540337946206166
ck_ad54292a0b2f44ef,0.04706983685127553
ck_45cd5ef6b359e9b4,0.0018451571133561908
ck_982c2392238b7be3,0.4072916607368982
ck_083e4ac78685c3bb,0.006241584377662487
ck_729cc0b46cc2e546,0.18754129465082367
ck_f2b8995fe5402759,0.0010495159444324235
ck_73e24f5a8da289b3,0.025335728621076126
ck_bd85f30c36f5998d,0.027439521361695262
ck_ee4ff3aeadf912c1,0.0020655119233448337
ck_63d2978706e193d2,0.00919108675608621
ck_6a0684436a1e66c3,0.559185225888308
ck_182dc4a2f5a366da,0.0003821339438755858
ck_e6fecb82fc2a82de,0.0020944014748632517
ck_cfb06f07394dfe64,0.00039755359971348057
ck_7bbe1dc8add17ef0,0.00556660894572024
ck_5cacad76e02c8e3d,0.986158912176735
ck_ca68dec0c7df5a12,0.0016399271599332303
ck_e4c0fc52c82065d3,0.0028057855613190376
ck_f9197b070416f443,0.0014580552085033446
ck_2a07c7021b71cf65,0.00640191377084965
ck_4fa85cebf707de2c,0.0005003360166142752
ck_0063d2a9507467e5,0.0033517839513146305
ck_ec986285fff05b7d,0.0018690839839061678
ck_279d43303708109b,0.005525759891257756
ck_a406bf11e48cf8c5,0.03221260100446726
ck_064b2aa3f0bfdb6e,0.008322276378724585
ck_95790440bc4bd2d0,0.002679277216274976
ck_70066eea13b4c34f,0.005290221285855964
ck_19468fe07e26f992,0.9937657702764534
ck_86bfe328e0a533b9,0.9625245868402139
ck_ace3b96c977a7560,0.016534284848744574
ck_642344e5c652d8df,0.013805847307849504
ck_074be35c951ae10a,0.013851734785013017
ck_f14dce41036486a3,0.9962637189175868
ck_5cf67a3a747e684d,0.023705672466576556
ck_f7285b92648c1c81,0.0008503036954760042
ck_bef3193f124fca5c,0.20321852490853223
ck_05c4dcbb45de1f8d,0.001992441693854333
ck_d7c28eaa05bb7144,0.0033787619856269226
ck_320df984791a1b99,0.0022053440524659553
ck_f45bad1606fa00a7,0.005683286568499035
ck_6f81c199e986d9fc,0.0029796882417021144
ck_d0c9633fed57c344,0.015020261364504092
ck_a3c25d6cc7478068,0.005418494844383858
ck_4185506d12cf9fa0,0.0006778463017804064
ck_7a02ee1bfba7353b,0.021385066298421792
ck_1b52590757c0fbeb,0.012753109251825566
ck_a0e5656e1cf9cbf5,0.0009575356943944922
ck_ace21f6daef94f6e,0.002534377251724826
ck_646d8d0834782d6a,0.1370503164159537
ck_1f136a4476b5e775,0.0036962300451732245
ck_325c7643cce02da3,0.012903744489464882
ck_9b5e7fe28208f5d1,0.0031679555195079
ck_05d81b1a150f31c5,0.00069436733236686
ck_0e9ec486bff403c5,0.009547133693948022
ck_ee13c091bc379188,0.008380771176424428
ck_f7a7f8f5903617c5,0.004574486717527336
ck_96c3a3517153390e,0.005348350975757109
ck_538dad7f096458ad,0.0701042351193426
ck_8758fc6622bbb7df,0.027745704781910224
ck_f7e53af3c91fec64,0.00900970525931705
ck_80b50fad7f255e1d,0.0016573613482280796
ck_9645e7adc08631b5,0.004904544625917323
ck_e007aedbf37d6ec7,0.003115688797110165
ck_2951d76c41de2569,0.02843224624996692
ck_9439bff87e616d4a,0.00618543221806285
ck_a73045e96af0e4fe,0.0024234743102274467
ck_7b382e533e2e925a,0.032178113116083755
ck_730226c2d216cacc,0.004821446705598441
ck_bdf837d761a7cec2,0.3298229607063939
ck_0b34197335ba3341,0.00586921381628453
ck_49170c4b31a20f5c,0.0006026774505676327
ck_cd553ba6589d8bfd,0.007636338347158283
ck_56b992c6f136fa5e,0.017486730750803786
ck_8beae3d7328fa41a,0.012818599896165073
ck_1a065ea906ae3d6a,0.0012347077603603528
ck_e9e3381d5e0e5051,0.0009722900137933014
ck_a6d4f998dadc90c2,0.9014228467187132
ck_d36733da917115a6,0.017921393258455962
ck_e738e920bbd74a7d,0.011432641787191023
ck_af65eb885a51048d,0.0004421764085442172
ck_73f4eb09af29b1c0,0.01784226255768719
ck_8fc641b1750a2542,0.07486169954790914
ck_41b954c7a948c060,0.0018646445347770709
ck_25fc3010e8a0f6d7,0.002990462840030654
ck_a2624e0387974e0e,0.0158944217316082
ck_5cb9d7b2329d5ab6,0.03787844626451387
ck_6c83aa1d100a7cd8,0.02573985986016782
ck_67025c64588abd1e,0.002294101893628525
ck_f5dde68f6f0468e1,0.0011592378450994672
ck_46bfb2cfc29a6d2e,0.013753159609209644
ck_49dddb894d33f6db,0.011170262447288548
ck_f738b633b8862d18,0.00040748398417869133
ck_3d6c3c00d854f5a4,0.15064833617337273
ck_cdb8061d8d1a6c5f,0.006343498049316449
ck_5e1b81848718bdc3,0.0044833169597508745
ck_8def763034187436,0.008867305647750514
ck_8f8e4fb9c6190272,0.0016472769659671765
ck_368b968b5f33431e,0.000483428810312235
ck_ba7e347251ea399b,0.011154378164131793
ck_9075432001a64e75,0.01568422504027929
ck_73c5371635aca173,0.7766712067589535
ck_81793387b38047cc,0.00322276597916722
ck_0cf220816e320ac5,0.0019657489724281335
ck_820219bb9c761b52,0.16244292727274567
ck_70a932ab39d86a24,0.0006493659807364021
ck_2c4be237a7ed79c7,0.0025119230802954098
ck_acc764b49ef02826,0.4560261117038665
ck_74c3c3452e4e7cce,0.0008660858359617951
ck_34dfb57e5bf31d2f,0.029187694786050825
ck_6ec39903f765956d,0.0117236159164852
ck_5986119e7d81e831,0.005058541676270662
ck_2ddfc948b8eac752,0.31763431851182156
ck_921ff5ceaf40a968,0.02269301235342352
ck_fb3b68b4424b5f92,0.022073347651951878
ck_c3db1b3ad4f16679,0.010510928360545768
ck_124a197be41687f5,0.003343817131363131
ck_c58d9151834f5bad,0.007833930872105219
ck_389607982eb6b701,0.8003019501999716
ck_fb0c138c003e933a,0.0006687296819631208
ck_50d0bb7edd8c69c0,0.010917140652494198
ck_c6cb651149dc9a8a,0.0007676052684063808
ck_81e21354e477eceb,0.029477161757954454
ck_7696e38b3e4197b0,0.010781039219429316
ck_586001d3ed9e7fbc,0.0011278197196466406
ck_bba413492dc46f2a,0.008124777660223475
ck_95b894380ad2702a,0.09631718564285029
ck_277621473369614f,0.9968667005105744
ck_a50621b5eeca84b4,0.0008150910467898653
ck_bfa7ba218b988cde,0.0330799664874162
ck_5ea89567dfe78e4b,0.006533276125281232
ck_6c679602a6476ab2,0.004963695417270764
ck_d3885e286b3b11d2,0.010454799782941853
ck_cdcf6671b37c9c92,0.0257093141540914
ck_b5c93e6d34f8d366,0.0011915507730297088
ck_c24f61925dc158d5,0.046693722646869544
ck_cd09375e6c81d2c4,0.007628433873650822
ck_a95afc7a00303a26,0.004409258664742877
ck_8e89ca8b39f3f8ad,0.001817152286892297
ck_9a84b396aada3fa8,0.024382512845868315
ck_5124a2e415384945,0.012286382077782784
ck_d66bb1f063357f99,0.0041377525859379255
ck_0fd9312411b0ac55,0.005953621499953405
ck_ad8cbe6e27e47ede,0.016091082002678423
ck_8398adeaf41f9cae,0.004116961527694534
ck_dcf851e7bb5855d0,0.0009062382772429012
ck_9affb0f26776b642,0.0018869808944499316
ck_f0424b3b36bdbef0,0.015675100479605335
ck_66746d1090d6d9e9,0.0014461239825350693
ck_e5f8c8a5824db594,0.024576231188415357
ck_3e91dcc209431984,0.004943880878082892
ck_126a82e8d42e5ce6,0.0010570021896853575
ck_38e4a74ab256e2eb,0.02162302459465686
ck_1225a97fc413a419,0.05469776879151689
ck_9b5ec0f78e160e65,0.0006549190029506773
ck_7c5529bcc079600b,0.005068554534134024
ck_29640fc2fe81c251,0.6068420724741475
ck_160e9ba0a3f7c1fd,0.0010336200957414045
ck_bff090cb4ab76b9f,0.006532554034898662
ck_aa06ed358e43db69,0.0745272860731692
ck_7264486eb512d84a,0.00563225140965018
ck_f5a32e6160b28379,0.002830898756781542
ck_4ba8bec14c2217e1,0.005003802787201016
ck_610815786d729d2f,0.004682502093452638
ck_e267999226b6321b,0.0013399938612090776
ck_f3996a3c8eea1ea0,0.006371708550081485
ck_e9b75ed7567a3f23,0.01767781744272865
ck_d21612d48bb4f7b8,0.006353780390879427
ck_1f871df76c6a995b,0.08523135366426833
ck_953bd5de48ccd70f,0.7187558107248159
ck_02a9104419a6dbaf,0.00820924510714755
ck_1eeeee651e05d535,0.029950036066130198
ck_e2ab04136a442a98,0.0030898300247304326
ck_f0d806624ef3d359,0.0027257384053256304
ck_4b68b38c1b3326a3,0.0008836807856665699
ck_74e60495f8861156,0.00743272477525755
ck_398f3f4cf05c721b,0.001413999896906629
ck_f761b7650a0c1a85,0.008944370337835097
ck_7dadef33f5e2d94f,0.9921521979337173
ck_6ff6883633b8c7ba,0.0007757190655688909
ck_4d2159603045109e,0.007804196840075334
ck_a38bd07a5fac5c9a,0.0017584982851068171
ck_f517f06551e69507,0.0026420921055777123
ck_a7ea00a1760ad561,0.9920615668031979
ck_31fc51d5a3dfe16a,0.005019109648695314
ck_bac5233623b25ca4,0.003060592031512032
ck_385188ab27784fe3,0.05282315681021465
ck_9947a323bab5cacd,0.06881047795410435
ck_7973edc9f22ee7b6,0.023149664148467235
ck_f97c477986043755,0.002502867920958122
ck_1a3fd2cc4b4de196,0.01978463783647129
ck_e18ac29ea62cb435,0.02097462095210347
ck_9720a472a3e0140c,0.0007681936659074618
ck_668c7fc7d7e47c0e,0.03161628577921484
ck_214af0806470ef48,0.004347305617986766
ck_a46c1773f01f0be7,0.009562786016068785
ck_f2bdcfb4203ffdee,0.00884623569300782
ck_40e84e6ffe788a4c,0.007010250500042552
ck_dfc6f5712d8d6678,0.16677578364978562
ck_01ef1036b2e66a4b,0.001834009857951903
ck_3acfec10eec32f9c,0.009836308882198832
ck_084a85145c15ed77,0.0023581241680355075
ck_fcdb4fe2f095fba1,0.18744114470274398
ck_023908db0a193076,0.0632832851875521
ck_fec0ff92fd622253,0.016600309197661874
ck_c009c97d5fafbced,0.09778317301254143
ck_eb9f0c06ee017ee5,0.005854295098741751
ck_d7792b429620fc24,0.0037912074688603355
ck_5e9e149a3b69c726,0.008358024006178725
ck_ce927322ef8f651c,0.008044670717252142
ck_b8fd61a8e82bce32,0.9843436910948302
ck_9aafc33fba1474cb,0.0012779618445711849
ck_ce81ff9b8b35562f,0.0039779478732577525
ck_25bfca1d8eaa152d,0.002932545856287328
ck_170c65860e2a7e23,0.005729079231546599
ck_952da7ca9f33decb,0.005374321535227047
ck_1ebd574406235957,0.00725580903155781
ck_589109a188adc2c1,0.0010125145631011865
ck_f0cbd5383bb07778,0.055131014307696104
ck_242521e261148fba,0.0013367000443541106
ck_509cece86a558de4,0.0017923521972683836
ck_0dd7c5925d28755c,0.0037051560389378107
ck_a7e669cf1c3985aa,0.013527253145553697
ck_acb84dc2351eeb76,0.0011626580285850636
ck_b837c7dac2a9b931,0.009079971276089489
ck_18eb1f9181f95df4,0.0013895393677013194
ck_b0b9047dddb1ec84,0.916939813195016
ck_43aa136bdb0a2832,0.7350711370890514
ck_3e47f8c56c811700,0.0032222714790956937
ck_77c587d24695ea15,0.012420690258780539
ck_20578ac693ea4e93,0.053792407408593916
ck_b9f6040eebd1605f,0.015328865687111766
ck_ca9d86f65cfdf018,0.002321873629324427
ck_a4fa8833995c716a,0.0029007389313465103
ck_f589f1e29301b5fd,0.006361616391505162
ck_961ddb8ff55d868e,0.00043765652055286863
ck_5662492a54e6688b,0.018312634109202582
ck_ad48826c1c26eb78,0.9632879980424018
ck_621c9ddde6bf2eca,0.011103652317917363
ck_417a3500b2c717b3,0.01203699077434125
ck_c7e129058beb3ac1,0.004708622104350157
ck_ec1c902b9b9b9c5f,0.029777320730675613
ck_317360ec0a67d27e,0.22808167795544898
ck_3e3ea5d8c4a229dc,0.031060073014937527
ck_d11d27de7bf0b973,0.20392485700539484
ck_d37d56e931105db0,0.0017655789527091443
ck_4863077723cd6ce1,0.0009469890482281676
ck_479a065d5903e9c3,0.0018883396083148943
ck_e66ae4fd586fedea,0.0006741550205348578
ck_192bbfd0d5720134,0.002609863565508224
ck_3b436cb29af99f3d,0.003927354581613487
ck_7c7ca54969eed187,0.03980824577058163
ck_826ee896c9f1144d,0.7132961964032728
ck_ba1f6dd43fc8a0b1,0.004802603597019853
ck_49685deb63e4e8f8,0.004173791031570759
ck_687ab5d5554bfa79,0.002645140181310405
ck_41346ccd9242cc8f,0.0016077671516156174
ck_8f8e5e2b9dfec3d1,0.0335695992450138
ck_94d5ce61a0c50465,0.00492725352941632
ck_6b954c75aad8c012,0.017622827434644505
ck_748af92828c9d288,0.002000095015681045
ck_dddd14091ce812c2,0.005604240145716211
ck_723323f6870fab59,0.014636132768441357
ck_dbdf8d0708cc6718,0.0019579752549345043
ck_f04938570a154de3,0.0029361932345088513
ck_58afa1550b3b5294,0.007700257087819357
ck_3b150afde386ecff,0.007604832524759416
ck_666b95e75d99ec4e,0.952728062530488
ck_e00332597cf1eb24,0.027098219593903808
ck_9a9e3dac79280d7f,0.017170227365424357
ck_e8d37262e859d9a1,0.006454444552747109
ck_895bb39d24bc1c4c,0.0039714447481248236
ck_b367449195e36499,0.006412671352511508
ck_d23f9a50d1135ce1,0.032521288201756836
ck_670dc4910cf476c2,0.0006776929524468077
ck_3ecd8a5ce65e21ca,0.0029505222590936703
ck_8584fea2df4c6317,0.05846694191352408
ck_0789ff4562202b20,0.012564291245862598
ck_749e0e50c3907be8,0.002184746237978651
ck_c3ff6790cc6d7e34,0.0017070805377633527
ck_75fb7e56432ee4b2,0.002073979272883423
ck_529fc3170fd11abd,0.013107376705707092
ck_34a69b3b4a681796,0.06589082516826085
ck_255f0e5888ae9e23,0.023411794987552113
ck_65be698386474170,0.0010263088336545732
ck_5eec9ed855c26000,0.0030697809995224173
ck_5ab39bdc9610f6f3,0.4605008118208113
ck_1b5b75762f033462,0.004073937211073492
ck_d3e208671cf37f91,0.9888560304953331
ck_5068ee554ceff971,0.021581001959204302
ck_d7d50fb57fcb2d0e,0.001077673462770986
ck_ba6e1115fceaa067,0.021916885011689594
ck_d07bfb16a4a7dac0,0.8853540342323356
ck_ead68310311690c8,0.9345702259720636
ck_ee53ce862bc9c111,0.01322686416672115
ck_97e56e6037024dff,0.0013317471518899063
ck_80b04344c98ec072,0.005985647364539173
ck_5954f45a2ab45f43,0.004414024720436217
ck_18ddf7e836256e3b,0.004345511875090374
ck_89a1a780144d808b,0.004412808804260507
ck_a7331e8b808c39aa,0.03354694537037064
ck_a1fd0ad03ff9b776,0.06730539813270899
ck_c0cf50eef030b401,0.0006740551389694512
ck_074f20921189e7d6,0.0025983844348390554
ck_e2aa7be60794593d,0.0414171373235486
ck_72771757dfb7f7a8,0.007330163037162124
ck_a9cd84a6dddfe584,0.017690863041612357
ck_142c00f9f8557504,0.02304254356446162
ck_221b5d40358230f4,0.008680062191140247
ck_a2d7a563f520b7ea,0.005082583231502096
ck_66cd34bc568d95e0,0.014232515598333615
ck_a17128972d3e507d,0.008247433538993066
ck_bda299466bb2136e,0.016209261974397426
ck_2b699066665abe8a,0.006232810286147479
ck_0ac9848bd4ba0c14,0.0005724276362148647
ck_98d2f9a6ba3a3077,0.6041414516114106
ck_a872df31b28a5f7f,0.038592638424966956
ck_7e73e1d44ce82ed9,0.006971195574362414
ck_1a415416f620d49d,0.0038952209159239582
ck_c95c786d2f8b8edc,0.0018705162428272106
ck_e45012f22b7f91d5,0.0011559780105402048
ck_aa0b083e2a6813eb,0.019777593684510278
ck_4666232ddbf77756,0.0014036315367929387
ck_e08e9c8ec5f23d8b,0.003362263135315341
ck_31d4c0518e5f52c6,0.0012516623956912202
ck_c1ab40638f04cb02,0.006767614636472126
ck_4c1fdd1669c7cf51,0.0009726619735936533
ck_11662cc7940ffc82,0.052785438611621736
ck_2e679af24adedac8,0.0009699772920302129
ck_454b9e21b7f25a4c,0.0009225666936994423
ck_355c4f29089731e8,0.9371798213427937
ck_507e40760a24d2d5,0.014890644022194846
ck_0943e0f305078e34,0.9923528192155059
ck_abc54ed7111e9ed1,0.0021053200584816335
ck_a60fe02fc04407a9,0.011490228987800673
ck_244b897bb4d57c1f,0.0015474375027443848
ck_8c84fcde93a04334,0.7221029453541665
ck_9eea37d2de633b27,0.011224528229286
ck_b2cb9e6610eca967,0.00510981014405403
ck_09aadb4c41b166f1,0.05506057198035443
ck_8d94fbb4828ef326,0.002055772431012218
ck_089e3a07abbe3b8f,0.002250805549959286
ck_dfee9de05e3971cf,0.0034167628044292943
ck_6abf8302ce052451,0.048190518965523954
ck_6ffa90143838a4a2,0.0014967666360682476
ck_325caeab5c7a9c3a,0.002177084088784004
ck_1964ee9db929a173,0.9338393562400001
ck_942b95988a6245a6,0.04528749896117238
ck_913ecdeeb8e21a9c,0.009415812306407659
ck_ecf9794349eb4b3b,0.0389004864181847
ck_b6cb8d6ae828eed1,0.02504874603068692
ck_2f82ea66c4f53b33,0.0488008846056534
ck_6e676daa4855b58f,0.028139981898421068
ck_2a37fef48b44e9c8,0.029104540928248736
ck_3bd12d468fdc2450,0.004647031472777629
ck_1a28b6a40a6bd3b4,0.328036210695794
ck_61b79dec96d15713,0.0007717770282226035
ck_31d5e3daced93d3c,0.0033317537910658407
ck_e6c8611c0cf233d7,0.0010795911435019265
ck_f04761b4a937ac3b,0.008049439073624994
ck_38c1c75cf055031b,0.012819243250461347
ck_59a561f3df01441a,0.013089329421553523
ck_04e40f556a5062ef,0.0033405033673792883
ck_8409716d174635b6,0.010987229429602495
ck_3019afee83342701,0.011043364759788317
ck_b51a58e7f032c9a8,0.007210251519519112
ck_5043e474f848346d,0.011104926766453041
ck_4388abce33ecd01b,0.6039271719044713
ck_c93def7392f0aff5,0.016659040435445412
ck_72e7b1acc19df820,0.0020580907966089544
ck_f253130dc3ca5b3c,0.00190165737153231
ck_eb264d1b180d4b4c,0.02277185507420953
ck_c2504f5a113433ee,0.0008778817041162217
ck_c16ab1e4dafb4910,0.08746840802144858
ck_4bc42878fa180991,0.008137499719966627
ck_1c771a7c78f6622c,0.021164942695690248
ck_d523f0e50a2747ad,0.0013650427650547413
ck_9060f4e7ab7a1b0c,0.0047756782396537745
ck_6b55ec4e87a5e22c,0.7382901672283851
ck_55fc62a5f89a7251,0.00846149204943179
ck_bd2545c62f258231,0.02309365135594929
ck_1ccdc69d0bb712b4,0.006605787875954773
ck_710f867a3bd5898c,0.0021566151259538387
ck_f91d48c40337d375,0.002473904585436254
ck_f76d929541ed41dd,0.03504716220611254
ck_e26a6659c237b650,0.006334341795947214
ck_184983177b73dea5,0.005882485406318124
ck_6d0d081bfa8a0022,0.02059927652345606
ck_2f6e64f638da0f97,0.0023294027875096837
ck_15b93103ccd38609,0.0033816575502504226
ck_094d10439b7b4eac,0.0011067845834155613
ck_d2ca47180a926ba2,0.0058662374206907225
ck_a69ca7b9d70972bb,0.004416394406024442
ck_68914e67343a7d32,0.002763959782755989
ck_8176616132458c0f,0.004222158256478746
ck_eee99af3598311b8,0.11881292222482537
ck_94410eedfca91304,0.012154976374048616
ck_cfb11a0a2325bff5,0.0010634638827537346
ck_75217ee144b715f8,0.01861198938798482
ck_d56fc799542299b8,0.0008192611352949284
ck_4c352dd3e7c81269,0.00761800389487231
ck_e23e50e02cb3904d,0.014836733284103946
ck_b921af37d500e139,0.0008551909277608078
ck_82181b935360dcbc,0.9927206168296312
ck_22a7cf3b99c5e5fd,0.007685444232857542
ck_f67ee7910d532216,0.006988569674317737
ck_5f48762a14a0326f,0.0012871630150523257
ck_1757fcb0e6e3f88e,0.03182332799519043
ck_2c2f080ba185016e,0.017924879330836516
ck_4c25570eb72711b8,0.0018872630178797263
ck_a3be871ca22ac416,0.0033097554755124256
ck_ab70961e7c6695b2,0.004360251036943622
ck_a1cdebfc42a52448,0.0006324800530016299
ck_f1b80b821a20186d,0.024981751621876786
ck_ae668e4564cd2aa1,0.0024416538673976674
ck_0e2bc3a5afa439d8,0.05149982394810737
ck_3dc378f37d0b74b8,0.012293633548825322
ck_9f9555197480d1cd,0.0020756378895074854
ck_bf4e7d48770a4a8b,0.03375858874074435
ck_614ef655f0685060,0.492290590871542
ck_04d2ea38ee27770f,0.0016541987992326446
ck_e03a9d8ac94161d5,0.0012115002979482341
ck_d4007b5b26d9d854,0.00047771502568669315
ck_2dd147ce6d61749f,0.01796371666305668
ck_ff45764ea7d6619f,0.006659896396991875
ck_dbc487cb0a6c18da,0.950912481717726
ck_791d5392bbd80447,0.05086057494735302
ck_b4068439c413b150,0.006635699016762126
ck_85df7b7de9700aba,0.0006121584040692762
ck_001e42551cd06e40,0.0010397334891743834
ck_a6c02ae50932cd9d,0.0017097129840389525
ck_9fd0be2c018ff5e4,0.003761503296222834
ck_32a495128395fde5,0.0028430716564212624
ck_b6f2a2fd232c141b,0.022836256712622533
ck_28dde633692904b0,0.07135005922760343
ck_a1a93c5f375f6021,0.0005151407792955404
ck_e3982142336782df,0.010410194894305683
ck_a9812ff3c111ea94,0.00926633872919314
ck_f04062216f95fa00,0.012005521858358355
ck_7c560467daca735f,0.0003400360924866327
ck_76ee10d6e2dba70f,0.01909847558155858
ck_3521243bdac61178,0.012915981812521092
ck_28588fb03b320520,0.026015857152722994
ck_580dcec33ec232b8,0.004112618989402895
ck_7109923fd7dab20a,0.0034260509512050136
ck_7c872c99481c1e9e,0.0030702763133331552
ck_46f4e1f5026f4d1b,0.00024875904881269155
ck_00d1ebc31ec4653c,0.220733283295685
ck_aac70764dde15168,0.01093856617909351
ck_648c03f9aa4e45f1,0.006086799640545913
ck_5478eb69ef912785,0.41453983911444153
ck_79b8523137bb2603,0.021807160004589973
ck_795c49f312640019,0.0016018756259002173
ck_89184bf7b7fe41cd,0.15890081622895377
ck_97d4bd922996fa10,0.020690538899488024
ck_1cef30d08f3a598d,0.0006333156068442347
ck_2f9fd36a4a40a6a8,0.000429133288338124
ck_40780fc0f8d6f309,0.042368824542373396
ck_9083ca9fec2a7f4c,0.0037238499967484056
ck_62081bc35aa59931,0.0014072452613687397
ck_2e1b46c5fc56b863,0.04128580410646406
ck_3d139692c51b604a,0.01889126672829097
ck_b5e54e22e3d6960a,0.0017541045170016538
ck_c0c4be3f44311b04,0.0018512216404764049
ck_82a8bdd2692c2a5e,0.0013172322254438845
ck_bdd2da300b530c5a,0.0016819720097308946
ck_ee40498cd97183d3,0.00215288466393106
ck_70b9274473bd6dfe,0.001631376618388181
ck_473d6314ea614b29,0.00273887819566254
ck_7443d6dca8cd1352,0.0056190737676284
ck_3b49768b448b071e,0.0071143889076074095
ck_b43f04431c267dea,0.0005711472103384815
ck_4424a5223ba2fe00,0.00439049700899101
ck_819bf3e8231f4081,0.008497496740934215
ck_91d417507a8c58cb,0.1585253149237679
ck_e88e86b19cada4aa,0.010738978212469628
ck_59684167f9c6bf4c,0.028636974784794267
ck_d5f5b0dc97b9dc27,0.02042732335961381
ck_13d1b192bbff8f32,0.0023315482102044286
ck_b21d8630387cabce,0.0007990550550063261
ck_e4ac22046699b99f,0.0029895970195043097
ck_74b848064f2ff45d,0.004315460325904967
ck_166aa980cc87fa77,0.017531349463030466
ck_98e337806104dd88,0.0018797057924901546
ck_66eb09be007f0755,0.006854872473935752
ck_3ec9b9d8dd7be11c,0.0217314203861412
ck_8b8b9de339d75d0b,0.004023789279525653
ck_6715139e240007d9,0.0011319869574108194
ck_a0255ab46e122d2f,0.00050108205665292
ck_66e81a4190c33510,0.006968104269677064
ck_5d75ea4f5c9080bc,0.5235958756413315
ck_df69858b8a8b3165,0.00816401885693418
ck_e15252ebd7553422,0.002302734851275333
ck_34d6d74bb3ed11e5,0.001236043046217079
ck_c2608f78f6851d10,0.6636910788302809
ck_bb99071e8f58c8a4,0.44621449121549633
ck_06010f0df5b7cef8,0.00423769749354348
ck_8c582eb0f6c0148c,0.0018890906886474873
ck_0034d010d28aea78,0.013983188299581303
ck_01c1f06692566ca1,0.002691849225265644
ck_4807726e797fb893,0.006793266943026174
ck_edc9668282e3c8cb,0.006359671655644762
ck_5486768475af7bb5,0.943615866703056
ck_3fb9813849e51837,0.00841538853091299
ck_861af5a9a9a6d619,0.0011298566504928233
ck_da39653add0f1109,0.001332649181352203
ck_74a4244eb1f162e4,0.0003537795532135065
ck_9a930faade55b8ea,0.0010542362452850085
ck_fb6e06ca88519dcd,0.003942228644115624
ck_9776cd8263a9f415,0.003225950730269548
ck_b3dd1198ac5aea73,0.01066824419892085
ck_b6675a04df1a4276,0.0060915235337973455
ck_5c7ad6e731b69333,0.8053333159996482
ck_28dc0fdbaec00580,0.05136580701074347
ck_8e7a32f7e3905f4e,0.008472147686360352
ck_8563fed6674afc77,0.005202646805625446
ck_9a2fcccb82da663e,0.0025180790090949495
ck_6a519bdac0d94527,0.001182386925550624
ck_a0dab7aa9c4a39a9,0.001774890416172412
ck_a3ce05e9e5e32142,0.002133063417178943
ck_7a7e40ee3f97c035,0.30942484811205284
ck_9e9a830785112a73,0.012134221581820098
ck_ab1bb02f6b189304,0.6689593210242665
ck_7b8cb0f90fbdc8c6,0.002980884290839458
ck_b138fc249e659e60,0.008327373005772243
ck_e73caa3771ec5e0f,0.0010311251424829266
ck_18a55b06ccccd88b,0.004244087770752311
ck_fdcb1d9265d8fec1,0.028638447001550577
ck_e21a900556b382ad,0.0066939154088472156
ck_c6bf67470f526771,0.0023776295787965346
ck_b568ba3837afb39a,0.00044576534575102843
ck_a2858979dd5645ef,0.0010523460252276542
ck_1da9d40837ebaa57,0.004149096816933494
ck_9341c7959543c542,0.0009182391115814155
ck_c8ad86806b9a2369,0.03444295666380516
ck_5c85d93ecfed4b0e,0.0015155337003882887
ck_f07b09879d697b82,0.0006069705899049842
ck_fe43da07608b1749,0.003051752418916852
ck_4bca22b5926b9c28,0.0006689156781818473
ck_aba573aa942b1d41,0.0048302411835042846
ck_57c14e32fa4683bf,0.001497128106583023
ck_891530b489ce402b,0.004640248422859996
ck_5e74fdadb93ff293,0.04429948478416324
ck_14436a409ebcc90f,0.0032818786503952223
ck_00013fdfa0bd37dd,0.002477769349515217
ck_7dbe24ba01316775,0.029262658783875753
ck_0e3f80c1553c591b,0.005276727660684159
ck_3edc45db58760d76,0.0031241358242937744
ck_29076a13f539187a,0.41843146028777783
ck_b1e81b58b9a545ce,0.056377607688395344
ck_3f8571d4f7420b2a,0.009600462982523289
ck_7dff6abe4bd644dd,0.33596441074118516
ck_2884bab237af16b7,0.0032540539689168216
ck_231e6dd1fe708000,0.002861972424089991
ck_33ecaa7b892e73df,0.007699626308550068
ck_b109ec4c63503030,0.0020288973598585635
ck_a7f522382509cef1,0.0013333509655517727
ck_748b3ea941d8b3b9,0.0046716056821041975
ck_29f3a1737a2d9634,0.005617265386372413
ck_cee8d42475a0f020,0.45822835896259334
ck_c6b6ebe145a8ffab,0.017510534549049012
ck_21c99e1d6b881894,0.0005732915473380108
ck_5ad798286384484e,0.002374320225971655
ck_b621b6ffcc7f4848,0.0006953223481847858
ck_ea819e337233475c,0.07869186738091162
ck_9e3896c2668ce06b,0.01186449277214059
ck_501dcf1ead036d2b,0.006282895475526867
ck_8d5eda29a2cffa3c,0.0024475057826955737
ck_4d3aa36ff83f1132,0.07951597287714061
ck_8e9faf94e3e6c757,0.0007514800263573951
ck_ce0ec41f96951048,0.010048009274636756
ck_f09165d73ee903b1,0.0035954566536997895
ck_a432b1bf1d3b3d5e,0.207985950752835
ck_ea618f720ff0b4b0,0.002088286649341994
ck_7584e7bd755cb28a,0.006399032371646274
ck_e14681aad43e1a72,0.03339133463061852
ck_5e18870d8e30e379,0.00900972204638722
ck_ff7c26a62bda8089,0.0008920863214671621
ck_cc5a35175d381d5a,0.0018279516897856693
ck_3c25029e40aa8a84,0.002347608517459874
ck_771247b5bc16c12a,0.006061998378736585
ck_664b5e02759f985a,0.0023547460404359168
ck_692a9e8f504b9762,0.0003368589436197082
ck_df8ad2deb0a4ffed,0.007444377802376771
ck_eb48c0bcd12ea654,0.00730346274128281
ck_7c77e597c951cdad,0.006526668108738261
ck_4f75144c6f3b13ad,0.002288926712689327
ck_1bcff399166d7c43,0.005219840248219685
ck_975c2aa3d4a8c51a,0.0027238814080619215
ck_bc6f07b06aaa4ce3,0.8395515029522219
ck_80b072b7f3c7e8e5,0.007093762125792852
ck_471e4018a23b4e56,0.0035796609002941714
ck_53cddfba570b4a3b,0.0047127755086228285
ck_630530e50764f229,0.005602469805948075
ck_dcef7887a4f1e435,0.018144278817929002
ck_2795921a055643f6,0.004241170212284051
ck_7456df89f3792235,0.001546498813804461
ck_5014a3b07e1f049f,0.5633440141437215
ck_d4ec44760cbe03f4,0.0052978011828451405
ck_96810ad39d4cb7b0,0.01868106431766688
ck_3222ea25aa29bfa6,0.0006340682136949887
ck_f6c42001b84a10cb,0.035274682188922546
ck_5ac86682385c86b8,0.006216897949102033
ck_4280c33af57eb4f4,0.0004688782116307946
ck_05f79ddd8eefaa56,0.010041954723985001
ck_3a57a13ce032a6fe,0.0009112004777810653
ck_a721f0d635fad68a,0.0026217020655558607
ck_a3f821bdf408c326,0.0019406637441839799
ck_0ada63008be5685a,0.010195164487362157
ck_8c949bdc6e8720fa,0.025575488158027723
ck_c0d2c56f9c722e99,0.9935664579182492
ck_5d2b9e6e087b8dfc,0.9963653629844303
ck_5217b55593a332ca,0.09140246611501195
ck_7a7bb9be5a7e48ad,0.009907979583169415
ck_24cd0d779e866287,0.0206463224934189
ck_7367917891a63771,0.005218974929661332
ck_4b31a8862a857e6e,0.7996357608213299
ck_81429c4910ca46cd,0.0012250918217403858
ck_b35d803568f82d9a,0.015267524420793733
ck_4b00e75c2d2d0522,0.0007123902856213901
ck_77fced07f6dff42b,0.009083810299536093
ck_3c9a06eb07c300e4,0.00049475409793718
ck_b3867f7f494db64c,0.0006603627853819164
ck_0c45e54897ab34e2,0.014863972449990576
ck_507a6a580ab55c76,0.01739913754504602
ck_291bffc7809f896a,0.0007778259506142372
ck_3753cc5b9d02e2fd,0.0023796361775553923
ck_4f63d5245b3ac1dd,0.012929127183474129
ck_9dfb2ae78659240a,0.013797896548294759
ck_90f6f5ced708aa75,0.0005556746991390367
ck_8b5b5a6b5539e39b,0.9835090671692791
ck_4719112b55d20161,0.006834119700968404
ck_fec888a7108ca52d,0.9870931671918219
ck_4f5d022c99f118b7,0.006968098369355308
ck_e967ff05514b697b,0.006833803252862476
ck_839ce35819bfa4fc,0.0007128833201252403
ck_bdee1221b9addff8,0.0014343440311720037
ck_9cde4036d0914427,0.005096738457432855
ck_5ac959cbcc5e98f3,0.000600991095754915
ck_619842688294dabc,0.0018194299938774962
ck_7373d7b04c7799bd,0.006602904185107728
ck_c1dd3feb9a0b6471,0.024860351973362203
ck_0324a4812ec319c6,0.0024555161751254975
ck_7f3685aa2933b251,0.0924369892156479
ck_06aee5a62a67a84c,0.07775320425537006
ck_3428910b44b9d08f,0.028348075023694432
ck_c3ba7534cefc1de8,0.002769827358631728
ck_1f1273a67cbad5e5,0.3857327563532938
ck_124565a11b2f8bb8,0.00567889678990927
ck_38e46bc861e0165b,0.009331132171087315
ck_c8ad3f01319c065e,0.08635368575741036
ck_3f94a34f5038f7c1,0.43389821234829684
ck_cee56be5a502fbd1,0.27395908812778713
ck_2b90b76cf4d162f9,0.012198474258912751
ck_884b2e463ff1d54f,0.0022950813770614355
ck_fab4f2f8531b4827,0.013983874644923885
ck_4fc6256e0e60a926,0.03302790441464733
ck_0a2f8b2f8a5b6f02,0.00284408993171097
ck_9c0deab8a8367c5e,0.000364341470991481
ck_d3a2a4c011fa2554,0.008676421599921331
ck_4108b4038f762817,0.6927609838244425
ck_4df036e2aa7e1056,0.008121468242171106
ck_ec094eb1cbb3efc5,0.001405759665995771
ck_09f8f51bfd2492c6,0.003164096765087787
ck_b60fb9a10d6f4489,0.007540457903870018
ck_3638bc3388dbc1bc,0.0889775529332168
ck_7a58e0cc9943c39a,0.0038253323849877876
ck_37dab6a0a536ed49,0.022382005624577036
ck_adc576690df5b33b,0.020185933246570763
ck_1383b2b1875000f2,0.005579751419942579
ck_43c1248db37a2eb0,0.0009906549424833324
ck_29c11bd68858e923,0.0006176318165753498
ck_9401f9e11f65337d,0.005915557107689415
ck_ce5ed372b1a2ed6b,0.03035331997770337
ck_08b4619490e751a8,0.9740245696085575
ck_44b9125526acb05d,0.0131819367812486
ck_ef1a1de20d2124cb,0.014555235464161001
ck_e5e2624b7fc89774,0.01442223198585532
ck_f5100511609b92c0,0.0004305393947985393
ck_64f3bb17101b7c42,0.0025323514513365315
ck_ea1e5b5128ecba2c,0.0005358297089883132
ck_516163fcf04d5e77,0.010777881961394271
ck_7f9a748110d70005,0.001616103808996995
ck_d263b55f0a681cce,0.009062868872627612
ck_0e962eacf98a813e,0.0009448616766820082
ck_0406931800e0e2e6,0.006537884658910362
ck_0e9b982afc88a3a9,0.9818767206773974
ck_8bbb625384edebd7,0.0015044203482702547
ck_5eaeb87bf6207406,0.9801575796133495
ck_cc3318839c4b0745,0.0017125654679861137
ck_08a0355d1f1890ef,0.004583413337103526
ck_af7ffd1a822460d3,0.29201555506785665
ck_2a09c7aa870edb6b,0.0015303724147357359
ck_bc04f51c23290bcc,0.002463475127678895
ck_d3a8333cb389f4c6,0.0058280997708316734
ck_88e3dd3039508332,0.007694081524968604
ck_b8c7771de9b57705,0.015394308868291592
ck_585ababa02383b50,0.003177029553298001
ck_e988c108754cee9c,0.0070775684761462095
ck_4a691892d9d6cf89,0.004681562816140316
ck_7cdce37d895eefb8,0.004920331562773681
ck_483fb981a1fb4317,0.0016252443964038259
ck_c1e5182bd99e0e35,0.8285475594511557
ck_9a1e3ec9a1839939,0.006728931538805654
ck_5c3f13de0dbd5086,0.003884408346772785
ck_f4f6f0caaab70040,0.0019970235535903776
ck_791be3378dd7d64c,0.01205926523567222
ck_956dd784525f5886,0.007585063954475737
ck_098167eaf124c279,0.008815444517021747
ck_33ecff7914349ebc,0.006573938783517708
ck_e05d44e46c7174e6,0.0057532837043301
ck_1b2ce474fa6582b4,0.03027292462064605
ck_ab581082e8f72e3d,0.0019937902853485257
ck_e63256667aa19070,0.015346921331213006
ck_f568772b6cb3febe,0.0958090727854551
ck_dd89a282375bbab6,0.028898199271600773
ck_a39d0bca345b492d,0.004823606592579382
ck_d12d2924d0f7a64a,0.005650961483740929
ck_6a548da1728b5823,0.9852011111056965
ck_6d64193681d2a94f,0.06074856729327365
ck_ced6b6dcdc7c201a,0.0039045504757177518
ck_d1b0699d26282871,0.00894560772087843
ck_58f757e40a9b8877,0.011613677355326403
ck_3272c2c4a37d5220,0.9305234915321973
ck_d94dfde9e03c9d1a,0.010775703871098984
ck_08a6d4903a7fbaca,0.007159499030648673
ck_6c72a36b05fa0f4c,0.0137208701480312
ck_dbb4bd4eda97255d,0.0050523714217122935
ck_94b59bbc824b307a,0.0012086900979759324
ck_0229a07185f15469,0.004731635814262601
ck_11bf1039f8b3025b,0.0028639975478761694
ck_36789ca11459131e,0.020492907132650545
ck_8572c5f5c1447c62,0.008535771830008006
ck_9e75c6641939f4fc,0.01730930547993923
ck_b45e47c39d4dc7bf,0.012017442118346091
ck_02903c48b6cfd65d,0.004162704333945833
ck_b153386f1729de81,0.0032278627851994985
ck_36979996f33498f7,0.8211657433227013
ck_3c02d4dbbf6716b6,0.0035298292896757196
ck_66c9a19963957531,0.026954348908606516
ck_bae8dae7cfd8baba,0.0006998410195987913
ck_bba0ccc6cd968680,0.019093659296458322
ck_3267fe3aac05c71e,0.0041563691159376935
ck_40052cac10562cde,0.014433535439061063
ck_d973444855403e2a,0.003930583854961074
ck_012519bb095ad36b,0.9959270364754077
ck_ad7c256ea10c4a00,0.12307442844427818
ck_70a60e095e9b706f,0.0005262849425875766
ck_f2734417c0db4ee3,0.004354775638499445
ck_9cb89cc3178e0172,0.021890202574500663
ck_779cc0f2de4d5488,0.08752500008857021
ck_35f8656bf93e3b3d,0.004492375383532378
ck_bdd8eba728800e29,0.010780496974464307
ck_002cf760d173f0f8,0.004809845095815689
ck_b046067c6ca3831e,0.0016675521730979321
ck_a4a42d4bff8af645,0.0016549683689821085
ck_bce253d2396681a1,0.006385948857655969
ck_00dafc060c8de32a,0.009954280777410285
ck_968a99e097ee78c9,0.11140663227643281
ck_66949171b387bb93,0.019210167578655093
ck_ad305286702b1958,0.0006791517774562958
ck_4732da7e0d2dfc7c,0.0027374195207377373
ck_17a95bba77217d85,0.07671470733529959
ck_3e2516a3e35067e0,0.003364441590408242
ck_0b615ed566da1f58,0.010835994256782897
ck_d2b3ce1ebabe9f93,0.020890467281450525
ck_a892252e4e0c2828,0.0014958227475062957
ck_cf606fd6ebfdf9bc,0.00563223742097935
ck_718865237134ebe8,0.0016241272033788445
ck_878522cb775b904c,0.006789022145585688
ck_9ed53de6ef779ae0,0.0008334677552066571
ck_3f16e2cd7e6874cc,0.005054480737149299
ck_3c59df37895ead2d,0.0028095035569391017
ck_6821459b626d492c,0.002148790596022989
ck_11c7667920541587,0.002910147735892661
ck_23a016cf6b98d89c,0.14974011961262954
ck_7137eeb394d200f1,0.044590903385323816
ck_9c4886c5c90ddbdc,0.0013271688679238408
ck_1422a7bf7756294d,0.9451596340061132
ck_7ebc5fa7f0d3b8f2,0.0026583233063288835
ck_fcc2059a8d5c41fa,0.027475968998905587
ck_00ff7389d6a83e29,0.011363922228936911
ck_03129b41457795d2,0.00851973521663312
ck_38ba64efa7c38250,0.02485369400309384
ck_57a6b56b09bff24e,0.0019724853585132373
ck_e3b3c5a80a567418,0.000982933777515586
ck_fc40a16adfced018,0.01247753406768482
ck_9d4b5e6b43bad4d8,0.005487694037373126
ck_61129937ee466b49,0.0071110791348058845
ck_74112e47b8629c2a,0.06774081711607274
ck_b4703ee97f94d7fb,0.001963918758579567
ck_e560f720a988d8a2,0.7166784234940313
ck_708fea345f68037e,0.0009930684243681335
ck_25394c1b83e0b803,0.02084520891068623
ck_17ab24fe914ae44b,0.001176276457728506
ck_16c501470d9bb006,0.0023994714419946664
ck_628f449e248c19b7,0.2910430602495855
ck_6d64190623dea714,0.0009084650624876486
ck_504a45ee08db72b6,0.0018887547130834181
ck_6cbb011e0c70bc7c,0.0012060019277308502
ck_b3225a98acd04f83,0.0009873750522001819
ck_aa37993f1c17cd1e,0.016559417172480887
ck_558cfe5f77a55a9d,0.0031743440592268443
ck_0d0a1a021efea5b6,0.014342583546152135
ck_daf7aea023b7a8f6,0.017292443971179874
ck_d75f25184ece2b51,0.004122514206977151
ck_466d4b5366c50b98,0.0014776512201818926
ck_88f27ab479063852,0.014904761827835835
ck_66779098e78c1760,0.00047437338664256556
ck_b150fe4efb449b05,0.0011067585615649619
ck_9c3aa9f23d01fa1c,0.002685114210747387
ck_6a01c375fc26705a,0.0005233437786464639
ck_002eb6552b504ea1,0.008379786190580331
ck_affa5aa0bff9bb0c,0.012851311424869857
ck_027614eeba8b1a4b,0.007203383523994716
ck_67e075c982add719,0.004325988580649531
ck_399b0d510be98bd2,0.039206354606398014
ck_e9b0bca7368555ef,0.0030037197113017117
ck_59c29d9c57b4f994,0.013231755282810504
ck_37176850ed68831e,0.0029793999937892716
ck_a0db4ccca08030c3,0.8861653497300302
ck_aa188e5c25f7f42a,0.016737900269200297
ck_7de6997178207800,0.0007719984810777544
ck_c729d19053387be9,0.018819737706062056
ck_f2d3e3d90608596d,0.2864772274025306
ck_2db3fb565e0211ee,0.0010587005421185509
ck_bed8a480e27e911e,0.013526248364786041
ck_d7ad9921a4d25926,0.00518957548667
ck_2a59f23fc5194699,0.021139906394721072
ck_63601a58a6120d8a,0.016002692846620783
ck_efd7b9e22c6317d6,0.011334560802113978
ck_9ab42875a0f95b43,0.026483608310809134
ck_85cb5033fca7c846,0.019966914474495074
ck_5249b223000915ec,0.013003639951257489
ck_3efb0e9bf25612c7,0.002484884636187903
ck_678e74532ac19700,0.007600853241975177
ck_a980b296c95153f9,0.007343957582899949
ck_01ac687ce0d696a7,0.039661654343155044
ck_52e1418cf1aa9871,0.003910073650037472
ck_7d28da4f1dab09ee,0.43414868840717197
ck_010d0c2e6c1657fd,0.030615069550428534
ck_b524f7a2e752b9d0,0.006036505213199934
ck_cc447fcc24a0772b,0.8178293522566146
ck_2cb3c99845e572da,0.0007733411594971762
ck_604c710141327a81,0.0012647889170109528
ck_8d5fa65717d2e0c6,0.008184379375923515
ck_31199510b40602a1,0.0023240997138218953
ck_49e253ea12f4e922,0.03144666677005884
ck_780738e0d71e7e43,0.004277533711655933
ck_2cd21137a07fdd7d,0.0019449379274076792
ck_5e021f2a3b66e256,0.02828404847911541
ck_efbc79246e32c66a,0.024184670253452334
ck_9951bd806c13c7fd,0.021971999069964585
ck_7a52674e2806d8f5,0.005798975460665926
ck_1a319e509f1efa1a,0.00045937708207739286
ck_c920901b9a4ba993,0.905656453698775
ck_b71279e807d0b3a7,0.008963994451749115
ck_47e1032f490bb018,0.002074226445217656
ck_192579ecdca7ff83,0.004498830326415819
ck_b1496c474c4a3239,0.0005714336191852608
ck_5e68ea2c5e893cf0,0.006747754091415595
ck_f2ecab85d4693b4e,0.0033098985591671903
ck_89d7bfc81c3df597,0.0076729886741712825
ck_7929284327667791,0.066662439314155
ck_494ec63c5ce8e150,0.006818846938163915
ck_319b059bb2145586,0.04914403859230506
ck_ccb3767c239018c1,0.0005748560677975748
ck_a1c7adfe26e09a8c,0.0061048135480447005
ck_0e13c4f73818149b,0.005283224242500963
ck_c285a51ed6214f52,0.007630089874860587
ck_916784595f028226,0.039220606372578036
ck_6cd8e0196365c474,0.007844731915197368
ck_57b657aba4daffde,0.06936278570495226
ck_562c76a3753fc7da,0.684364174410489
ck_66cfc1ebc9a513c8,0.0015483829988753098
ck_0f38d4aed68d7d24,0.018137561039851896
ck_d8ddf5e99f7859e4,0.008192779609309543
ck_41bc3efa0fca700e,0.04017238289372784
ck_40799e129fcf42c5,0.05632001190743104
ck_786f079389126e44,0.010145480631083522
ck_bb4c6b713eb0b978,0.015972259923498707
ck_4f01f7eac0efaba5,0.005318938960749441
ck_47d29c01b20cf69f,0.004634256592140051
ck_bf15a1f8d67a30d3,0.0039716596712626425
ck_bfecad7586f65e4d,0.005528670464412983
ck_fc9f16df35190eb4,0.10095000033900059
ck_c09c914e416edd08,0.0045327620585387885
ck_c54c5d8e4433b0f2,0.0009478655579364965
ck_1694c28f44480e98,0.004210651043619767
ck_1dcaa3078dbb7571,0.00027677895956654996
ck_af559f990c640e41,0.0014391093883109995
ck_9b436162039a77d0,0.0348726311990578
ck_79d62ef181bd0cd8,0.00883242900647937
ck_23caafc2cd34242c,0.004646216253075364
ck_ffe2aa26f597e552,0.00283855524513427
ck_e6ffd0754ac08661,0.0006837275712780872
ck_beaacb4a783db21f,0.0009877823990015959
ck_9863bff41d24ce9b,0.0033999644111668286
ck_323b9cc5c49f8ea0,0.8865195825400712
ck_ab3de3d3e41c2082,0.0009894528206348043
ck_35c93b2924900376,0.0011692637864199181
ck_5a9d5f9901e37e31,0.008100653603356857
ck_782b0be796164335,0.0013216522348325776
ck_11960b5f1c7a5e2c,0.0014613862151232721
ck_9a66cb13a9884cc2,0.004405841439936846
ck_ba666a425930615a,0.0007228267278515687
ck_40140bef4db73741,0.011241471408232723
ck_e05e91cc180063d4,0.06093292026506455
ck_c7f6f45710bc050f,0.001793831897678012
ck_055fb9f2e1c8c934,0.026645972313224756
ck_58bb02d98e2b9cd5,0.009127727433676765
ck_d9f8efa6a7800f76,0.0032262850344188542
ck_69691226c68fd50b,0.11256494230379306
ck_6f2f0396e5b1c538,0.988120732834775
ck_78bc3f1d0f35ea6c,0.009982886231870396
ck_2d5a6b6636a2596b,0.0012037716165550756
ck_7878545739af0a73,0.001272447804370816
ck_03c4fa4f3ed3512e,0.0011097650012992057
ck_1a9e51d092d62c84,0.8400556449383471
ck_9f3861940d8d873c,0.007409289544646279
ck_4684fdd61c6a0fac,0.014445072864021233
ck_715966f86d5c913d,0.0017292919173539048
ck_77f293d44b4a3d2e,0.009458394098638504
ck_24dae044dc05f849,0.004992670197890573
ck_00b9818e2064405e,0.07001316272768411
ck_c1c2cb49c3c1b0f5,0.07526738104917678
ck_bed50fc64fbbf8ec,0.0035157611759936707
ck_4f6ed5ea5ab7c429,0.0034214988266209555
ck_458531c22ec2f9b3,0.004214828648677393
ck_51c50c4c443df31a,0.5488198054033145
ck_732d45bd578dc39d,0.00811518211740393
ck_783fe5bc20cd02db,0.05033035053720819
ck_7f188aaa63d1d442,0.002718648786216804
ck_ef307a6aee38d1fe,0.6526454559834719
ck_e37196b20968b73c,0.014553967181940271
ck_4ef9de711c3d93b1,0.0090293253595787
ck_17946516d5df71d7,0.003948016978625904
ck_3534be0f4efd313c,0.03796117992815105
ck_29fbabf855cabdff,0.0016328740809014059
ck_191673540d8486af,0.011088956291323651
ck_5f52728d777ff2c5,0.011447417732065764
ck_a045a19369016818,0.9972471202961168
ck_4eadbe7298b15e96,0.004441414608728564
ck_a3a0bd59729fe619,0.0038762781991924385
ck_a1e77090b1c6ccf4,0.003663453618756465
ck_69ab9d4784eb77bd,0.0038311176884188287
ck_baa47383ffd50f04,0.003458566708879503
ck_e35b2ed08b9e55a7,0.004253626699639405
ck_b6e3af0a5119d9a0,0.010676633441713363
ck_a7c1dabf3869772f,0.09308765508177658
ck_80b8fca67a14e0be,0.33281126640254194
ck_dd9c5f0c42878e67,0.0014196798228063017
ck_41ef7967faf5ce82,0.0005035561633343852
ck_a93560aa348d6225,0.01898545141771593
ck_ffe91d6f0bd93fc6,0.012907889067952238
ck_fbf630c960194033,0.0029306066354374935
ck_497ed60723283c0b,0.004486316949306972
ck_2a46b7ca55239413,0.004071294154077642
ck_1a4e5ace078dd782,0.010276181789131738
ck_616cc31910f5de50,0.002583134110094414
ck_0d65bc749eb42710,0.015060191228212292
ck_2408db62e4395ccd,0.0029818037811261034
ck_5d7721930106dce8,0.007634390569602863
ck_e8a6acea22b20312,0.24486335519092475
ck_e2f792fae128b18e,0.04167885370304387
ck_e6d3ce445b86003f,0.0013987250671196958
ck_263334d722ecbc97,0.9567659523994926
ck_8c5b29f6666d4874,0.05936603104613609
ck_7ea0bf310fc20c7b,0.7537622318998501
ck_54d463f7fd89ec3d,0.010714534109973405
ck_79e45040dbdd6447,0.011823901005496823
ck_60b4d59953505682,0.8870328605646058
ck_fb00dd5021642507,0.031538907917005705
ck_f409ff994a210601,0.014838360473779988
ck_2ca0020038bfec58,0.5410035006810524
ck_adf84b9df54c3d80,0.014674161476710641
ck_942dbf632591b65d,0.010666432518751802
ck_454a7e4d859a3409,0.0028752818309075614
ck_2139062d4569aa07,0.003485754914809919
ck_e949a0f4df0b3902,0.5229498961344555
ck_bb113e3e6716ed65,0.0088331895759964
ck_6a28ea6ce69cb869,0.2676786941357714
ck_7df9910af2bba21b,0.003301969924555596
ck_78aa4b731cbfe251,0.006729148406844445
ck_5839f5cbd8165b1e,0.007944417264001774
ck_7158ad9e58769ffa,0.024149766186315046
ck_acee218cbe61df69,0.011866912073424205
ck_f8dc8473c2772729,0.013477258683749103
ck_f34c93a8173555b1,0.026082830695500752
ck_7cf301d075e4e709,0.007923955474089169
ck_b87e88ee5512ea17,0.003864578188783436
ck_bed0c020b10afa3b,0.0154656342238078
ck_ca10102961f99eb4,0.0013338501480058289
ck_393287947b5c8d79,0.0067497568235956465
ck_2fe6cac002142f67,0.01298846555669911
ck_79c7f0d29b1db1cd,0.01608993489573744
ck_c735b643d3cbf67b,0.004812154177016105
ck_ea4332c8fe48e2a3,0.002577693293155422
ck_d39864119cdd460f,0.0019145593728773817
ck_3b963d6be2773861,0.004436764912037592
ck_df39e3b8a9fd0bfd,0.7955642162601477
ck_6236a461dc0d11a3,0.001022283822212461
ck_475ebccca25e30d1,0.006368507781152667
ck_c10c8bcf5bcd516e,0.04882582602383843
ck_49ccc3716a564256,0.0058822729519429585
ck_4e4f99102f6938cf,0.0028413233534264107
ck_a97b481ade6f7972,0.008826987257516933
ck_3fa559c679751b3a,0.006649031777113803
ck_3eba1fd2c7acc4c0,0.5211433641135688
ck_18c179b4afc4fccc,0.006929876488668304
ck_cc1c0b93d05b7d20,0.08824974840214173
ck_742f7c28ddd019e8,0.029204308812645397
ck_04470bc93b8a0d71,0.0071723158468453
ck_6e8f8ef7a03cc6bf,0.008498253909643738
ck_eb1ddfc353b4da83,0.0010529838456416526
ck_98831b57c7ca2e4f,0.0009152694901576556
ck_a6c7b8d6e8596d4f,0.008528534173042633
ck_cd7d24e3b095e96e,0.01580141342683816
ck_3f5ae4673a9f858e,0.006168791483479212
ck_05f375fc8ae0afb0,0.00416206158064505
ck_1fc98436281ee39e,0.0004980218039870483
ck_6c48c58678f64bae,0.0009991726779528447
ck_8c95aeec6a4c75b0,0.001003545801922526
ck_364cde38958b7af3,0.17417764169080005
ck_85bf21aa1a00452f,0.001701114728429018
ck_796d3eaabc667c23,0.9938387475680033
ck_ac449ee0c315edde,0.0007940813657965643
ck_6f9fd15ac6b163de,0.0010835050787596017
ck_4087065be2a45ad7,0.07299809100712289
ck_ecf006bbc78ee3eb,0.5033548342165046
ck_8ca808cc5a49cb5c,0.007670756116197598
ck_94b90ab8b2dfb50f,0.01053775562713105
ck_59fd11b3232de9dc,0.9491477067277051
ck_67f3794d93e2dd67,0.5291132016385215
ck_b7f5acf5df1bb13e,0.004313787419679807
ck_fb04ecbaebb774bd,0.0027446403013861274
ck_68ef3e7301c621b7,0.0059074766827263555
ck_41406cfa209b6bda,0.004338237643272072
ck_b0f8f5408662337b,0.0018373967590878983
ck_0d2901bfe585c391,0.39273029557305367
ck_3398551e81dbf3db,0.012020748135554463
ck_61c3e3e277629646,0.007630633096712113
ck_2825e34dd3e7ea2a,0.0026913705964887002
ck_20d7571ba830009d,0.002926730898945288
ck_c98b16f9a72a6568,0.0006773750010465409
ck_e7c8a9e4641eb9ed,0.0009712350293772823
ck_254a7c97c36dab8d,0.006617350600062665
ck_e98429675b46272b,0.00217483813779696
ck_c2fc0ac460786d02,0.03175161831337881
ck_fba15647b3a140d9,0.007722529866112088
ck_15ce50f2704227be,0.010180334875803007
ck_8c748aaa4a4554f9,0.01460227893003819
ck_e00e82a9419ff086,0.011467485553496186
ck_832341c98254bd84,0.011961136919643756
ck_27466468d06db4eb,0.03541800761752255
ck_9d7b9e3ff1f3e71e,0.004195861520595943
ck_42c6973d3a6fe983,0.0005427242334759038
ck_877c85bad118bc62,0.00785804931567747
ck_75d2a2715259c4d7,0.019368221016385263
ck_37d3e5c681a2214d,0.2798288151073928
ck_bf285dd49f372de4,0.004632802211471477
ck_a5bdd026fa9c50fd,0.00489726305735264
ck_88d9244a9cf7a77e,0.8814399489168431
ck_5881b174e49b04ee,0.0028779298786792452
ck_5b16d67c5ea89930,0.02091644504506367
ck_b75b936aafac56b9,0.0012254231004972438
ck_aed2681e1646a0df,0.07721845359947714
ck_f63cb5e8cc702bad,0.004079465979438915
ck_1805fcfc4a9e4ffa,0.7948468837032522
ck_25c355da356c730d,0.004864841082543181
ck_70396398e4a96449,0.0025587522145035014
ck_0f743bd13373748e,0.011339636336070331
ck_4b387765f0e916cd,0.0009431259669573921
ck_e971faae8a10a260,0.0012186059481849002
ck_9eb08369e983abfa,0.002382672409580052
ck_c30c5844512e429f,0.023034633226062695
ck_59e77e3a81f1fa0d,0.0034195500855622933
ck_ca4465f2b5c1a52e,0.9957085695932357
ck_c89b9ca398402f1e,0.0013205064155278944
ck_36e72ef9273e7a95,0.002655575818415692
ck_2bdd8616870e5e1c,0.0011601568474359093
ck_216e87a41de22b5d,0.027304292800758998
ck_60f4fb44f5efe3a0,0.0013471891888733355
ck_05652e8ace6ce6cb,0.0011560041968056007
ck_8c136dc691e65695,0.0006491489064835112
ck_a08f8dfadbdca112,0.0019357021378306114
ck_bda4041a3e90d860,0.004458874494200159
ck_15dd3ecaa8ce0245,0.9084836659716261
ck_3e3c64b3b7876ce6,0.006961523399529916
ck_46225858a38b2e57,0.0018199681273077626
ck_0cb9f54928f4feee,0.006353720229883511
ck_152671fbf8a9a78e,0.09179072102186651
ck_ee7a515e87d17d4e,0.0019236980873798845
ck_f7276091bf513d22,0.09535989873016863
ck_4f05daf1cf0d5755,0.0008085545862509276
ck_83a69c4a5d55ef19,0.01619601127619608
ck_c50fed2a7c9198c0,0.004762548115258235
ck_70d19d5650ddc8f5,0.008048332478445447
ck_4b4d99e443618904,0.003575376961404915
ck_dca0b6ca93311ca2,0.009248659592067996
ck_b7431d4706461ec6,0.004462830264410513
ck_7b59d22cadef3b05,0.10298967669375701
ck_53428573abcd606f,0.006018314341117165
ck_f538ab6aecf2adfd,0.0009368619895128504
ck_d321249fb065d2fa,0.011853949921054268
ck_72fdfc7e6d8e1436,0.0007212984340058908
ck_b52b99dad89ecdfb,0.00872985892102396
ck_d2d4282f9d256b3e,0.0023542015255500486
ck_c8f2a1dd8a6141a4,0.0006377072015280966
ck_8d38747058d0aeea,0.7141415277587004
ck_3ac528caac74f563,0.0046952873716441836
ck_8dbaaa00ad829ca9,0.008783703534753782
ck_7c38ec898f0fc21d,0.001038117456086127
ck_8171ef803f5ff604,0.022977169962254736
ck_01a750db6fc1168a,0.03687485533875531
ck_ceb017baa26e98c8,0.032061241964503925
ck_e2c66c72cc0b0f78,0.014040676928074149
ck_8d9518f64b222416,0.0033418416104266367
ck_804c5a1fa5753617,0.0025476146202381648
ck_fca7cc9c42695453,0.0026704365384677144
ck_3a632cdf2c19051b,0.008009609436890573
ck_b2b63ea65edf1dde,0.044628454724418565
ck_27b07021500ee841,0.0060536740745633895
ck_9724718fe64c6557,0.9910574213420899
ck_2786cbc3e75ec034,0.14504058058345795
ck_d9c2622cb6df380b,0.006562389035469741
ck_ae1da8ee98e402a4,0.003943262281990152
ck_62967b91504149f9,0.0036166883776673655
ck_6b255bf68709109a,0.003042716058035133
ck_c55afc68421d85e2,0.004825256109374621
ck_7c7266f6ef2a8466,0.03192555195749783
ck_885cf685a9541190,0.9796980444005755
ck_1a4bb7d3d2ee3227,0.011307064024991155
ck_b4911c42f3bff740,0.00039306532355412176
ck_66f9f78d4c6a3edb,0.01680841372301063
ck_49bdba9ee1899dfe,0.0034746366368207447
ck_79b235d51718435d,0.03489323482613586
ck_d840db8cfe2ef6f1,0.0006258308083817834
ck_610c7bcc1cd7ecb0,0.00608063123668279
ck_cf49b6544aff6c50,0.23588430392085888
ck_de05f97c3d40dd1b,0.018269689563547947
ck_0302f67d75973dce,0.0063779348027468525
ck_54c2604c9ca6256b,0.002311687911928138
ck_a1c88c0568f142d0,0.2018411198088007
ck_5d72ff6cc2963d1a,0.0028272608695771337
ck_0446920a1004c596,0.000867487811264443
ck_71044c29ef071570,0.0023952239673169693
ck_2122e9bb1afffef7,0.0028627598631356635
ck_d1e3de178601d3c2,0.014834669111216019
ck_bec8324a3587ef04,0.0006295772363044237
ck_b616b6f45225f319,0.06169555497012236
ck_ce1e695884511479,0.02629003015222787
ck_a662b4bf900781e4,0.00040331151187739486
ck_b5a84c5547378c10,0.0008031674074452487
ck_f80af368cfc6cb7e,0.008067422222701766
ck_da3526ab6c5c884a,0.01486611610102972
ck_bd20be9a3392d79b,0.001762973631866187
ck_b8266dcd90cbfa62,0.0010978962767037696
ck_ac84b33304362c06,0.008152342771803793
ck_794d8935a895e33f,0.03381239170107667
ck_8fea7d915259f1be,0.0031864601727467135
ck_7a1519ad5ff45312,0.0005121678799925971
ck_9bf3ce30b65f75c7,0.05802095855367626
ck_5f864d72d1eead99,0.03803611988950858
ck_3c48e0cfc2a58041,0.12247059513158946
ck_d902183f80cc81fa,0.012410525659487276
ck_539cb0d117db8cd3,0.09456344617197737
ck_28f530aec8e77130,0.031138810544327433
ck_e7d903c50d353361,0.33997032220550877
ck_d288b77d1e227970,0.021860800127638177
ck_017208fcc01b5d40,0.002360772801910043
ck_7e3923d278a5106e,0.0038396255340465376
ck_9700a00ff9e66216,0.004883640308656421
ck_5c36c78b7a4d138c,0.020668725046305923
ck_c457e9c9224b773d,0.012722818756129265
ck_1dfa91405d7e66bc,0.001758434577113283
ck_f1d8a2695a575e56,0.0047158659848951035
ck_3b92a46daf8d00d2,0.009299485003185661
ck_aab23b5470469649,0.004349594029664265
ck_ecdd01a391610d99,0.0034117345564011335
ck_abd3aa292f8edb4d,0.01892847033750623
ck_7fc9a0776e1339e3,0.0011343999102247334
ck_c0389ebeb0e65cb8,0.002577341523986945
ck_48d0fc4f6a2109fa,0.9908510946989155
ck_571dee4f3336c7ce,0.0037507362873956747
ck_4cedf26628c84f26,0.03087634353905684
ck_63356762d24aab81,0.01154726857884632
ck_2c5bc11bb7ae5d2c,0.9349565905057947
ck_6d26a152f900fee8,0.003846620591949843
ck_c972b0e781efed3b,0.00023732433349440586
ck_fa0ecbcf9a33d6ce,0.0034163411894202974
ck_fa3a766e49dc77ae,0.0024686457195963085
ck_7baf1e55db0dc558,0.01117561172927029
ck_e8bc49e6494c1f37,0.0010960126286316642
ck_8ef1d05cc1e53e7e,0.03332638288919427
ck_cef2a485a77e0723,0.0018584462442513983
ck_228a583f23abff48,0.005579046529277893
ck_ac32c6e374782b27,0.023058069391643354
ck_b9485218cef413f0,0.0016176195787867109
ck_7f15503048915d6f,0.0007084928057446309
ck_b62f5144db15ad34,0.029488290807373013
ck_917d82c552f95a23,0.013426183488190621
ck_fb4797045077bc6d,0.0006206366035533176
ck_2cf8a44e041217de,0.029320653159547173
ck_b7dd681eb3d2ee38,0.001179672653476903
ck_e9e8cacd2fa35e79,0.02774669651012172
ck_342a79f91de5d1fa,0.024478535168722743
ck_2c91f62c05685ed7,0.0015864443344162564
ck_e30cb64302939f38,0.011647696997403362
ck_d0e95b90ba86da10,0.0023188075538088534
ck_1774faf414a5d49d,0.9757320279997935
ck_2401e8ff89e574fd,0.6346884064696835
ck_0cd8802264e0a1ef,0.01629213218287404
ck_da84a0dfe947fd3c,0.004145442855022258
ck_c8affb27ba7fb5db,0.03522483207994425
ck_bc7ece8787ca7200,0.004349066449682815
ck_469a0578d05990c2,0.0017628906884496042
ck_eef67f8dea702338,0.006707380359543565
ck_4f490e379e9ded9a,0.0011820974853079616
ck_354379de065a8ff8,0.0016947071658749981
ck_5db1cb368bc41ac3,0.005018168725762206
ck_9b1c3742dd6fcb8b,0.006054733348725164
ck_63ce4f44c92d7143,0.04489455930864666
ck_e15e3390f5ed45f3,0.006829731284240523
ck_da645ea91d66aa6f,0.43736433852911594
ck_834ca727df855f07,0.047691288695101385
ck_e1d5ad20c737c745,0.020542120508214353
ck_ff8059ae5fa5f1ee,0.0006879166855728282
ck_8bb9e75393954a1f,0.0010140480764529553
ck_4e1757d1347ab387,0.99673027595277
ck_af3f74b1d75a5d95,0.0100763067786062
ck_6b1ab0742ff04c3e,0.02745846627708054
ck_f56073911c9f1ab7,0.0006662279684457097
ck_51bd5f69b4fe0b92,0.9305119693507984
ck_fc3d95030b81f416,0.0004896622600310902
ck_cf78169633a1600f,0.0003412148852344286
ck_ad7269eaa65c67f9,0.0050594218564072565
ck_cc6d33890d47a6cf,0.01807199966810881
ck_bc8f31f4a2ffa1ae,0.002174096964342426
ck_720776a46e56dfa8,0.006244787480746087
ck_e2d1f212f259539b,0.0024221998324569912
ck_eaf6f7082c3db2bf,0.028582780580922038
ck_773efe58c6278c3c,0.007391364849127895
ck_c4a72c09f2fdacc4,0.004696164794984102
ck_8982888dd6611143,0.0012227389413442058
ck_9d5049e195eda029,0.005118634896110921
ck_de58ef6f9fe2b546,0.00456751672350686
ck_c0b50c11e4f5adf7,0.018929795521894627
ck_ddaf228487858bb8,0.08369160401196994
ck_eb2323215ff70362,0.01418736952276191
ck_168c96a1a636ea15,0.0029736569305700723
ck_9c46711b14d9eebc,0.001336914671736818
ck_de8af660806b97b5,0.0009634768162080613
ck_6ab83f45bf16eaa6,0.004050640994510128
ck_bf2228a052815840,0.00219897569712981
ck_3f943f20a9da9bff,0.005921942841497835
ck_3baae40454c00938,0.005786536581799604
ck_bc2e771a1d8d2dee,0.022804612226652518
ck_e55f5ca37f30ce8c,0.00646040386203275
ck_4ad5937bef176d89,0.002341396431659631
ck_126531a9126c17c4,0.0005337812633156666
ck_7ec423cb56257516,0.03608134657315062
ck_54748ae0f2daaf10,0.013029042405366656
ck_ff24776280ceeeed,0.007372686628786312
ck_3c3a1a1365741bba,0.00260635393849294
ck_615277c8a4e2b18b,0.0025875731153892976
ck_a96aaef34173aee6,0.5540468040642869
ck_bea56db7f3e930e8,0.0011570024487263812
ck_ca491debd3b32a59,0.014713488416071355
ck_d9ea77f4114a389c,0.013287384276142294
ck_322ffda3332d08a2,0.014527529798435064
ck_c40ffefe4e30b001,0.029211517807282664
ck_3b1d7648d4580bef,0.0013979538818246929
ck_23981a3261674131,0.00472404937686719
ck_11667f5b9fac7bc7,0.00033640529355258037
ck_646bb3c7be5f0817,0.014295153182194148
ck_ebd0a45712dcf07a,0.008720810107343331
ck_baf43bf1bd963f9f,0.007360639228163599
ck_e0ca2c819658f6b6,0.9912581085740824
ck_f0d6633d0834fff5,0.019543864672229738
ck_91081be0254878a5,0.010464851618195199
ck_1325000bc7f35b5e,0.00046432637314205316
ck_c624b9063400fa3a,0.012991289865595813
ck_0ad6fa0e23c3bd0a,0.04447221904116052
ck_6ddb55b1f23c6cb1,0.029708647833262127
ck_dce1fb3acd65562f,0.002286817067354748
ck_a9aa389688ee5aea,0.004585625967701427
ck_5c5284c45d9ad8bf,0.01270390322452618
ck_9ce743dd3e92549c,0.007160827816758661
ck_8342e08cc2f9bcb7,0.0018888798744802855
ck_25e551a0a8d2fcc2,0.008384448405055424
ck_d4fd0e438c97e0c7,0.017386486744338094
ck_ac7fe1c344190c50,0.025989127568370005
ck_ddd65711b5651f89,0.000703052480069949
ck_ec7406cb5cbc8f10,0.0030803161413989256
ck_1c65e8d5be3b9c60,0.03768201436906713
ck_38ee42f15a573e81,0.02220867082550376
ck_0e5385c70c6de025,0.0017595125485176466
ck_d3137f0f7629040b,0.0015199026683821257
ck_9129c92c12e0c8b4,0.0008201314677909466
ck_c86520a00e50a926,0.00924641137495944
ck_87f82b2b5fee757a,0.023540155185753014
ck_643abfbd7548d0c9,0.01574777927420102
ck_be51f4e5e6b85768,0.10049987136714984
ck_132c16312f37810f,0.002230721467317226
ck_c78c096ca8cb33ac,0.0008275456329326562
ck_2ce5afbc014763b8,0.01420364755918961
ck_50ed8f4e7ae6710f,0.004360255913601399
ck_5a4eb535c9a11993,0.004067688948733695
ck_9b665ef46d785324,0.0020651688753247598
ck_e066f71f8b296b7a,0.0016324127574665961
ck_560bc6017870ab06,0.0018342261227663463
ck_fd78f8a8663646d7,0.001404171973426146
ck_4af5ec61ddbde1a4,0.014324419557686999
ck_c2ed04a9d218410b,0.0028448632540203425
ck_2455d43bbdd2bb69,0.006786801342296434
ck_56eed7041add49a1,0.31164352995892824
ck_5f0be7b468a72333,0.001526887676600939
ck_19660cec756632ca,0.005873714032454926
ck_fb90408f4892a21f,0.00792597111745231
ck_833a65b86a5d9bda,0.0006229863221789757
ck_2ac36e1dff211d38,0.02792715132741048
ck_c00e70606904539a,0.0014770332576033113
ck_ba8affe4b9505a95,0.8955858842076431
ck_0c3dd22587b08018,0.07171209329222085
ck_618c4e5cfae99dcd,0.05618950408739343
ck_c9690baddfc4177e,0.0006623491074397668
ck_59fae092fb0c4aa3,0.0048857744961815774
ck_e03b7d0fa0b28f4b,0.0014056934660994266
ck_d451d24c780b5884,0.0012993774034916442
ck_e980d325b8dbb8dd,0.0012936860421299773
ck_cff18e2d8c520272,0.0003810861667420599
ck_a0e46b67e986ab56,0.007566433154385398
ck_3a469039a5b9d963,0.004071138954197921
ck_12cbb211ebd2b437,0.012247434492299652
ck_b8cdd6d6dccc4554,0.0017905226809340619
ck_794ba5921cef50c9,0.09849596841126007
ck_2c7667f64edec2b5,0.004538507956788692
ck_7262b4e0c29c942d,0.0021214759187756674
ck_5d818522cbfe2a54,0.019658828827070634
ck_de39c1947fb675ee,0.09639622346798464
ck_c021495606b4735e,0.0030785070353924523
ck_1fc03ba33edd9e67,0.019682330613918372
ck_a6fe344bbf67f14b,0.006011081785145134
ck_963762210edc5694,0.02186442787711183
ck_d064428b7e7dc409,0.0034722611246112804
ck_59be61b53d971611,0.006245468379018709
ck_ec8738ec663cd2eb,0.00783922054218624
ck_59d086fab5998646,0.00859411436015108
ck_bd32dd3b2cbb7888,0.9962113477909161
ck_ce0166addb93bbad,0.0007868862472170048
ck_7c0fdfbb447cdc04,0.009937882644561448
ck_cb1bd7635968ed8c,0.19655248523329583
ck_66f94903177f20eb,0.00387530416282506
ck_1d7cd5dcbcdafd7b,0.22177198551326407
ck_5e418a7c04437b4a,0.06238208934683134
ck_631ea1ae91ab333e,0.04195398618761812
ck_0a8029e79a5ae7ce,0.020254716833014295
ck_c4cca8278bdad9b9,0.0005325717433148669
ck_4dec3df58077a257,0.03900161267494929
ck_609c249edd88c565,0.003952819001857629
ck_02e5f9cbbbf2f078,0.01918916838496754
ck_32e486859130458f,0.9214331578549161
ck_21ed2ea6386c5a07,0.000296189102242544
ck_1242aa4496576a99,0.005775446451712429
ck_475ea9aa6d3898b7,0.006030515406180122
ck_fe1b1adae3be70a6,0.6584325218933147
ck_c5414d7a8031d4f5,0.0008701215384435109
ck_ca1f6f01868e978f,0.005448394937720223
ck_5eff0208c74ec714,0.006342795098939772
ck_a315c9619a317609,0.010042785261865993
ck_2b87683c90acb852,0.006464973996837598
ck_7cd9f39c50748ed0,0.00259679637510449
ck_16a06d58d71935bc,0.038145823481958684
ck_d116e0e7c19b878e,0.7671827144580128
ck_931510e384b1d0cb,0.0028900893524295827
ck_e7651fb87bb24132,0.0028009057013916668
ck_88ef9f85948e1a01,0.0025149839639659667
ck_17bf38d51115a8f3,0.0013237655388974763
ck_2659d1d3762a2825,0.0038972201290504507
ck_a7285955e2852686,0.0049997165221664355
ck_f2c33d5b65b321db,0.015407894180286194
ck_83e5979334345622,0.03008212933938457
ck_629537d8b4d0f395,0.0089718621982281
ck_72022008a92c9386,0.015379703945389789
ck_2973b8274f0bf69b,0.020077223894469958
ck_565e3418d2f4061c,0.00784345243065925
ck_54bb53b8f8ea32ae,0.9824456375186145
ck_af0a6540ea7a36b2,0.0018723891332595114
ck_888651bfc2c8cf70,0.004491390515973819
ck_1dedcb48ac381a1c,0.09476811012807679
ck_f73273e220296be8,0.007523288286286068
ck_8424bf65223a5a9e,0.0010847703604547597
ck_337b930fd149a696,0.02728211723145572
ck_8a4952de8a123ef8,0.0015588305958175476
ck_884168153c9c0c81,0.00085619138192263
ck_fdda581aec411010,0.0005597384181776038
ck_2b7cadbc8b180d32,0.6238266719917182
ck_8aa8b9968233a1ab,0.002722079167304379
ck_0af18b3ce015d294,0.0022975433644268936
ck_8dde670a735d1e90,0.05618813412633757
ck_62f46226f244139f,0.015364360825348687
ck_f948e8a8fdd79b4e,0.006655815179834549
ck_fa00aa0f3e859904,0.021739778377254052
ck_fc7935f784a4f249,0.0023686540411185023
ck_e7501307c0698e5b,0.008010541726393353
ck_549ed417f2834cee,0.003937423493709467
ck_fb2a35571ec719d4,0.6346976887561891
ck_25822068c86c856f,0.0010897833889965591
ck_8f35d229b62c8f23,0.0024877008420723062
ck_bdcf049c1e7d0c95,0.004739917957637108
ck_0aa9db36eb16422a,0.0004042724164836163
ck_42dcf92e9e016922,0.03229177489230314
ck_42341cf31c08c981,0.007104756001595612
ck_0b20bfc515ba42a2,0.007475896019299354
ck_0ec820b670d48098,0.0013442126440516566
ck_1f0bafec397da8e4,0.028175772743669242
ck_82f07504ab59ed33,0.01426161383044582
ck_337b24a474010abb,0.9933517140986104
ck_703703bda38fdcf8,0.0032594532223530585
ck_01e7960c63dca3a4,0.9110525179993609
ck_be5bd81e3715cb8f,0.9742141773690145
ck_197f8058cea1fbea,0.00042972062990617407
ck_eb3fb1106f2f1b21,0.036364106232906306
ck_658b4b54be09a4bc,0.9938441967463517
ck_266ce7ccf41ccc50,0.003806459815818279
ck_110608c3b03d4038,0.9358520561328127
ck_1be8cb95d6d9bbf8,0.0025562286283663514
ck_8e16a64a776afa82,0.30395095591381077
ck_34bd190d37eda534,0.06868487425785737
ck_4f521611ae14ae66,0.001026744235001802
ck_d839798f9520363e,0.008870050635470032
ck_d1bbfd246c0ac9d5,0.028420347070562946
ck_f19030e6e85a6776,0.03915398677907237
ck_cdabe60ab59f9d5a,0.015292811499337913
ck_bb84b2b30293f566,0.5877357462418268
ck_427b91925952cb40,0.02586668663569112
ck_1078b1e155b5b640,0.0029619318014171407
ck_95fdc264eac72fa0,0.002074234641897188
ck_e35eb857c61548b2,0.8773242684379299
ck_69bd0b1abea7e1f0,0.0732951509490329
ck_59de511b20c842ba,0.03969320067557428
ck_168e7ea341a36b80,0.0015081234168422312
ck_4937cfa6526ea138,0.0062008644477471115
ck_bb1a981306b750ac,0.03468369535198904
ck_f42a43e4c3f34ccd,0.0013752982089196856
ck_c7ae1d4b3ab38185,0.002019762182286725
ck_bd23cf9bba1dd33f,0.02099146358509303
ck_0fd826fad7ec7cd6,0.016673626109242473
ck_f143641bf3dd0414,0.011110728438296457
ck_ad6d48c20a3688a7,0.0007495858805061719
ck_7bda5b5b927b2905,0.037801033653182485
ck_a337eb38eefdcc88,0.024396022883280872
ck_403da2a2d800df9f,0.03525039420916303
ck_aa01d5aafde73d0a,0.0010832631287392373
ck_494954023f0eb309,0.007578512000227074
ck_1c6820fc38135ad9,0.004624050143651246
ck_0e0bab173622db9b,0.040782762126026134
ck_547090bf35a3b243,0.0019734816789456406
ck_d69455220b21dc9b,0.0018925208794114852
ck_90b4ac695b9c6bf7,0.001035702758900498
ck_8d2afe17c0082e6a,0.022248939942535673
ck_926b81c0ba528eee,0.008225104391303488
ck_ce36b0c287bd198e,0.049807558812136665
ck_8026e017909aaa6c,0.002248307675096967
ck_dfba788f35d4c372,0.0013400877945757208
ck_f09f9d0e0886e0c6,0.006124379392786656
ck_4ffe0366df388604,0.006112513936531098
ck_75bb521de55644c7,0.0114374685062726
ck_81a960fddf79ecf1,0.9875308605678813
ck_8f43459991ea511f,0.0010060603550127842
ck_f878b68d66fbfd4b,0.0006097980637376823
ck_e84abfc0c747c9dd,0.9445736733178561
ck_3ad3fd3cceb56b66,0.9056526006359163
ck_7cf562578c7f158a,0.0046066639910205456
ck_f81a97d350397306,0.024147310239519576
ck_255d87b7fb40caa5,0.01250361920577975
ck_b3905153b9eee924,0.00415734513154262
ck_2c80a592fb4cd6a3,0.003020229557031849
ck_57deb202d4188a29,0.004629776587698065
ck_e3cb5f31d8e94448,0.9280657095379506
ck_0db62d5f7f75f80f,0.009983269927282998
ck_ced9163ea85589ea,0.48746079301197603
ck_e16528edc694fb33,0.9833128033942214
ck_78cc5ec4940fec3b,0.005353695557515078
ck_31742076e9a998f8,0.09765600355701537
ck_5ac335f02280271e,0.01824972138060278
ck_7cc2e091806cfa5b,0.01659751645702916
ck_3152c7115257f084,0.0026884097026631647
ck_ab1b9d019921bca7,0.011031293735882367
ck_c33a762d98f9b290,0.000780674464267337
ck_b16a7c51b6f7a6b1,0.05790891796962453
ck_97402a153348e68f,0.0027097098710791288
ck_95391029a21caa24,0.01853009885734763
ck_c2015a1200971fe9,0.018099536340228744
ck_ed4427962c68918c,0.9558892133400935
ck_c5e4a17d3efb19a4,0.12479770367503949
ck_8aec3d3dd51517c2,0.0009862840676472674
ck_f5178a658225d8e4,0.0008522753146913848
ck_8594f165e95316d2,0.0028911070530443475
ck_f0c4aac04076a6dc,0.004186441366739289
ck_ac2f7397801036ef,0.01129843444232004
ck_d1ea4bcc407c7d5e,0.014841356569068286
ck_cce8b6657a538fe0,0.009102653061955892
ck_66d0c6d6b67a8d58,0.00214812878012131
ck_1a6b30320835e57e,0.00910152866652274
ck_8cd274cc85aa35d1,0.015354908072112207
ck_ada46085a78280e4,0.003957690361485811
ck_ce1b06623e4a815e,0.0009267218000225289
ck_45e70c8a9686580c,0.10599490380578275
ck_0084d8ab6b1044f3,0.003629944501910868
ck_a5f7b6fed6df2aba,0.03997076249867503
ck_94940d783e7988e6,0.002638743767354204
ck_00f9ca84d1d8ae7a,0.0015450341349206415
ck_0deb56f3f6452818,0.002077445938069055
ck_a58e900469dfc3f0,0.005379944082331081
ck_028c41b195280980,0.0029039853695582256
ck_7661d7ceaeb19f97,0.003478405945473547
ck_6957905a65c47879,0.00673315895130979
ck_f7c6c26ef3c4ae06,0.003273076401660545
ck_8777beb11aabd66d,0.007132709265450794
ck_7db098a17374bbf8,0.9642625383650519
ck_66aeb00e44486cda,0.9530326245894359
ck_838c52cc1d315ec3,0.00586346458134952
ck_1745847cd4e5dc83,0.007186285959461595
ck_201687857ec8b3cc,0.008311201029210158
ck_81818169208a8cda,0.005298076529961647
ck_3303fd3f64632c7c,0.02139491561967219
ck_edf1096809e83ef8,0.0017930759801152048
ck_235ce9603c7dccbf,0.013283315287244838
ck_9df7e153868bca13,0.0013997337905353663
ck_3cfeade2cf270fee,0.002585312420440459
ck_982b0bf2e2b6c4f7,0.0006745003991170589
ck_faeb0da678bb86c0,0.0021100002761929916
ck_e86ad2fe815b6ed9,0.005820016585249242
ck_70d69e5d1bb99e85,0.007085985485976157
ck_7e9a8924eab779e6,0.9847143659505263
ck_019d5891103e7da3,0.0022158937220851673
ck_14f0484b3817eda5,0.004656744314789025
ck_85de63d278f0fbae,0.0005758764569496526
ck_ae91b4cff57fb3bf,0.012385099845207604
ck_2a6d43b9f883b78e,0.7673686648605945
ck_7a4e3d553e8ab5b7,0.07963844882109179
ck_fdf89dc69f700f84,0.07751434700772099
ck_f92e04024bf13558,0.0013112211450686372
ck_4a522ca2dc4831a0,0.00036388917830952605
ck_68ba25dc3385fea1,0.02757132015182771
ck_22128a4f0d033422,0.014791020087642154
ck_5b52ee0a13c71590,0.0010409119478132763
ck_59472d17debedafc,0.005207790814060357
ck_9dde2c63acda3ba3,0.0052139248948386945
ck_7510b1023cd08531,0.005020576478379512
ck_071ddaaf2e4e3671,0.0017690104853510169
ck_1355db6f4010232a,0.0024025091122953407
ck_0a7adc2f27f98510,0.10162802118688498
ck_68250033717cd59e,0.004362074524542831
ck_7c12de74de30b788,0.4235300953355257
ck_65491367584c730c,0.00817160310800444
ck_e9047964952bee70,0.0071669835447207494
ck_5567779d6ba184eb,0.008264642862508755
ck_d6ea026357ec6477,0.0031353877610731055
ck_cd7dcc884e283746,0.02791207912987645
ck_0bd77fea8ed75a15,0.007179180699726916
ck_e80883208e8d0453,0.003334198913678119
ck_2ad0ecbacd5acf8e,0.9904575683446067
ck_6c1dbee7e8fdd5c8,0.0029585705380922745
ck_ee4d9a7449515908,0.0019546868276852595
ck_636111f7f030496c,0.002062539482161171
ck_2c629c657f73941f,0.006394998896687195
ck_c1c9d3842d758420,0.021446655648030343
ck_e4df7faacdfe8c40,0.04736232013759679
ck_94e8142728e44380,0.016576512599888436
ck_765aaf42c5088545,0.00793414934783942
ck_e0f845159b6e6a4a,0.011559785395658615
ck_5bc07deb82edbad7,0.000758759653349122
ck_713159c5c6a7a4d0,0.997291326887181
ck_b08afc91d9ca55db,0.014456586278647656
ck_a7bc323ffed2ea97,0.2167611006911966
ck_85ca825f905a34a1,0.014929681429777136
ck_33160c443d4b3f19,0.01512182221942416
ck_832d39c590a3ca75,0.9224692912539351
ck_7d1661a34164406e,0.9841214941955027
ck_c2466fc40fc9d5ed,0.9916588973746575
ck_ed0e776c0926ce67,0.06690253896247918
ck_cdd2ebeec75bfa69,0.498957061330715
ck_d7877684c7923ec3,0.0036219494971458373
ck_7384d4d2406aabf4,0.007751765544585062
ck_b8e5244e650aa81b,0.005951963829737022
ck_25a1ea40b2d59254,0.0007155347497791028
ck_b9e5b318ee4de68d,0.002831418010427614
ck_620d7ae27af83cea,0.004636482365684975
ck_40b4e264d1a12b83,0.9750747467228598
ck_b694c803b62862b3,0.007309516461703229
ck_cbeca201dbade3e5,0.058579914751724395
ck_f9b439c9161c3e52,0.0010990747391684734
ck_9880410fcd10a28e,0.0007087656958422328
ck_74928f5f91aa12b2,0.045768564891364834
ck_b6673bbe61d2680d,0.017825396551565405
ck_53c8315b5c30acb4,0.0015797398303631883
ck_78f01d78ea79642f,0.00974615602147031
ck_8582490d6e365a63,0.004097319108939029
ck_af25c72d16299258,0.0015409377457535455
ck_7905fe8e257b0449,0.06681068668948129
ck_0d16d9349e4a9e08,0.010290209945790081
ck_31b16b8848584e98,0.011862477671754669
ck_67207e3eecc02d76,0.0175606064530488
ck_e6b95ff91116a592,0.003837559772786468
ck_c08f622bcd6de6e7,0.01789400153136887
ck_f9a68da9e0f0bc85,0.0013271794869603966
ck_4072b59388976896,0.004090273524409324
ck_8ec86e853ad52828,0.026756333200890086
ck_4fecb87eaffd5cb5,0.0032197833005380132
ck_d6880578428b965e,0.04432814713828207
ck_bfc82b3c1c9f2897,0.8400926020754015
ck_c340644176ca03e7,0.004237638768122451
ck_321e740066fb05c3,0.5255846465350883
ck_8929d2eb09872052,0.08852252701216458
ck_205c107cec528414,0.9588211122699847
ck_e76db7d2562f9836,0.007178529505898326
ck_9ede51c8434cff6e,0.011928474164861596
ck_492e4b89c61b7b6c,0.00346506754303897
ck_9385f5a1eeebefcd,0.026489942263997448
ck_ee52c7bf88f952ab,0.00549646228886453
ck_d8116c34302021d7,0.000979560334276404
ck_01645ea51972e99a,0.025398058649974378
ck_7b45ed23304a854b,0.005253580059504705
ck_2096d32f3d497ea1,0.07997003906087814
ck_dfbb2056f1ef7d3b,0.002859325541367931
ck_938ce30c864bc7df,0.0008832805363010841
ck_ff30dda2c881a4bd,0.86945436279262
ck_f88c79186a082beb,0.08002093685847185
ck_08c7bb0f9851cb76,0.06827749455735012
ck_2675e7a008e584a7,0.07361648967330019
ck_cbaf8a954281d4e3,0.9761253657957404
ck_8b24eadf6c72b30c,0.35158019623984865
ck_ffc8e3c1377d0706,0.0011232643539867634
ck_5b59e859bed5b40e,0.021521124466935476
ck_7b61717f172f9317,0.9632255598377798
ck_e5c30947b732f661,0.07659671752157324
ck_bc273f3ce79f7e1a,0.0008433393670258547
ck_f69e93388b3028cb,0.09872421120185555
ck_3837ad850996ba60,0.005773540586944194
ck_36d78ff3bc033ee5,0.007994742323291296
ck_5e20953547ba4135,0.08172804773096044
ck_258d661e450ac870,0.010850390468374153
ck_1df66f537496ca59,0.017650128280687065
ck_361f535599110201,0.011329129660597743
ck_337e98c69f6e7886,0.01712613278479912
ck_d3d5b2717cfc3913,0.020174617093447693
ck_b1dba768dbe7affe,0.02314131440141777
ck_92d782bd9ce0d1e3,0.007992820134183377
ck_26bd0f8898afc8ba,0.0008378151811834648
ck_7916e53daab36745,0.06527686202637316
ck_2caf553b31831a50,0.0047201889868423675
ck_c6200734c7f9b2f9,0.9757090482544526
ck_cdc55623cb16e6a9,0.003035420863913583
ck_57849e15b61c43b4,0.0007296521504380589
ck_b7af9b2ee0eebbc6,0.023849548688382308
ck_00aa5fc3b3bc66aa,0.02201554238373472
ck_9929723f65636c7f,0.9935709090580223
ck_8f6cce9f69912983,0.0056184138016244145
ck_c422ba389ff00781,0.00046298664783356617
ck_9ec7f334604a228f,0.031251765854240464
ck_5d01200ba3341462,0.008664851792578483
ck_2bf10be403849c9a,0.003930268346036855
ck_6ca018259f70858f,0.005283364756703375
ck_a54dc042ebb7c766,0.08002216758076118
ck_79da63fc100830b5,0.018980914352839082
ck_67ab6f9e05c85085,0.00872186832297739
ck_fa80da579ea9afc0,0.004806202213040319
ck_4339f86c87289222,0.856740388592848
ck_a2299b4f530be0d6,0.15386569052239482
ck_19db0bf788697c2b,0.00694869947485953
ck_fa4211c4d826d830,0.0003867752504270871
ck_96100d5e8e051e91,0.003092100537073822
ck_5c3a671883d58b3f,0.0007633569644336195
ck_2d9524787cfe1ab3,0.7142033800426085
ck_47ab8e51e5b3a2d8,0.0008687239774306963
ck_c924f36bc1bbbaa3,0.003574163148167929
ck_5c58e7f8fd55e26c,0.001210504810146656
ck_a07e7409d6d5aa06,0.007092444367181498
ck_c8413898f5f7cb7d,0.013313519106980283
ck_577c816b41cab002,0.9799227851126249
ck_9f7807ed64cdb728,0.0037054570164302063
ck_495d814d6d6d521e,0.0006425529252144679
ck_7aa8bc018c2b003b,0.001009391493977118
ck_7c3a6a82f3c3241d,0.003173042986848165
ck_487f7fbc290e4ae2,0.0012964397387869658
ck_e556c4d36aadbe03,0.0016509539687430696
ck_7e6569a1b2455cb0,0.0008248928107746034
ck_de2924955926d046,0.031086829737384372
ck_73d60b4630e3937a,0.0007248238890087871
ck_805ee564bd35ef15,0.023300260575025756
ck_0d40961e47797027,0.0010007171962911517
ck_f06d00a4f9c87d80,0.0016829816588344486
ck_5ef50fb07b6737d5,0.009359957584006562
ck_16541fc15683e21c,0.001492282298534227
ck_09fd43f1b7e2eca2,0.0009183193298759144
ck_2a2c336a69b8d68d,0.04304776747134537
ck_2685f38930866af0,0.011428794952359683
ck_298278a9da874437,0.006294379196080089
ck_00bd7803f2530c68,0.0027041691809586376
ck_c2b4a1d8c0b6c1cd,0.0012049883557644805
ck_2acb54ca20c3af6c,0.004677947164223755
ck_e3d4b6f681c783ab,0.01044758600191917
ck_f90293f1eba5d7b6,0.10402896049425925
ck_e69d27e8965df0be,0.0010325890328929399
ck_b7f5d10b427346ad,0.001395697720551184
ck_1ce20e4223a936b1,0.0031459023047283197
ck_6b97d1ab90f6bdeb,0.003876327085726271
ck_e30e17db5473c7b2,0.0661174615066387
ck_154c8efb19dee665,0.01472305823204538
ck_6f5bb0c930644cae,0.9955635719187351
ck_9e17699baa83d173,0.0007716063893700807
ck_9693b1eb70880205,0.004946253798517193
ck_1e97899875bb427b,0.003527567144644285
ck_558a82590f65df69,0.0003653252530639148
ck_18df83242ff3cdbb,0.6337169648110962
ck_80ad4396e1084c68,0.014857538479737318
ck_0a993bc947bab61f,0.035811501788734906
ck_5c2d43ff841632f9,0.002026681984971556
ck_6e4b99fb9725d9fa,0.0038801776841446193
ck_e0983999ca26c19e,0.028320819069529112
ck_6573c4947cc8607e,0.032139843461429354
ck_d879d645d6e44207,0.0026484202471425858
ck_1375ad9f10688e4a,0.015304226271022783
ck_7501ebbf4e21f160,0.004703134789250448
ck_ca60d61cd4dc3bea,0.0007656260950378445
ck_ab9ea095a5c58b4b,0.01658211288803313
ck_23756522b58df5d8,0.0004966403268781897
ck_90bc176c43d85fd5,0.0423817038506469
ck_908b663b2dda94ad,0.007756747051255707
ck_4df2fb8e4b649e27,0.0008004878665331742
ck_5615c6bbdef05291,0.05944236727164371
ck_b62f3e3185251f71,0.00047347799789291574
ck_38d1a22850178f33,0.0005336512882122492
ck_5b3ba20c8bb1383b,0.003258072148114497
ck_5576ffc6aaf6f22c,0.00038184417135619843
ck_cf7a022178165e56,0.0008929852779540983
ck_f2c7a4c50e2ede96,0.024079865559529817
ck_285719c77eadf915,0.0005961503858341984
ck_f2aa1b677619ab19,0.00708710441344839
ck_3830c58d841e9e69,0.518351695928024
ck_32eba3510c8eac5e,0.003664722712758144
ck_8955d7b9030d5eb5,0.018383574023589012
ck_6775e387dace7525,0.00667918445725001
ck_0a0cd7f4be606a93,0.07022489085386578
ck_a9f700eee5d638df,0.005395775519851229
ck_3d7db96995745472,0.014131400919139926
ck_aeed557007d52e9c,0.00502296296413268
ck_79b6a86830156b5a,0.007834212954390166
ck_6a1ff9d69466181c,0.9973673234873116
ck_f11b1565f986f5e3,0.02142146034306634
ck_4819327a78615485,0.003051643499358105
ck_3ed9e081959b2f5c,0.005776146553500027
ck_16af4be191c47d3d,0.0012521805110606557
ck_25122cc0e8b1a662,0.02584803241716749
ck_509c22828d467ba3,0.015064209651186286
ck_31109c899336348d,0.20546186911811057
ck_c51131e53baa59c7,0.002426727712437414
ck_cf8ecabbc61d3e11,0.002055108563867689
ck_eb6baff0f85ba936,0.019379269930485752
ck_777669e2243204f2,0.7792753130617771
ck_ac0ea27e692acdc9,0.002235207286007436
ck_4c6ea04ce8ca9e2c,0.0010936322217447076
ck_ca54b32fca7e94cd,0.0016155444643741388
ck_4dfd8947f540eb24,0.010102809904316865
ck_95aff1fe27fb24bb,0.004027157629576746
ck_c7550723b90e5615,0.0015242040724855414
ck_57b3fee69bdf85e8,0.0006416941546650946
ck_f823407ace7ff064,0.038243359563533
ck_a69084a068bcc8aa,0.020153841142269827
ck_c7b17f7b24bef5d7,0.003140414348374042
ck_7c4e588f927c27c8,0.006618405483731549
ck_77fdac602d0c6f95,0.016995837899945517
ck_e963d8525018d072,0.020853017094395115
ck_6e8ebaea8f7bffaf,0.0008584968053746285
ck_aa42976a31cb7770,0.0035641553241777817
ck_22c862a496008c96,0.9962105336382284
ck_527550dd15f38782,0.00546418648740778
ck_b3ab3c210e2c7c19,0.041695687400144836
ck_ed9c56fdb9f45ddc,0.13498451262467454
ck_b53281da70defcfa,0.005868040818680295
ck_03009b721568ee98,0.010331430634439328
ck_3d9afd862b3f4053,0.30785143238173135
ck_ad3c4be96599554a,0.005476321447294586
ck_d1c787c27d50af49,0.022438972405798476
ck_c7a9c7b2eef46a99,0.0020506410701844786
ck_53036d3c6c74446c,0.07537261781785103
ck_1b1efbd9c0964c8d,0.11142954036011203
ck_d66f42a269d5c1ed,0.014604194097994268
ck_fefc49a2b8ad993e,0.005199018407035418
ck_8b3b874249adece9,0.03197653939241491
ck_193d9c87ad3f1dad,0.0012505714168282204
ck_0c6a50d747593b7b,0.005344250489342215
ck_c830f3830875b47a,0.003516221964279037
ck_79e202f06d8dfe42,0.02172193536509916
ck_5c0fe988b8aa7fcb,0.04520090997462278
ck_a8382d8345f21e1e,0.0024692821165503216
ck_8cb20053914692d0,0.01731451438760398
ck_1da2f69023ca4c13,0.0005348292571357088
ck_38abb60995114f8f,0.02227547152400743
ck_f5791fd8fd8fd191,0.0044580419913775905
ck_a4e6fc391b674335,0.8342914009556294
ck_bd771efb4a7e15d0,0.0024279618643856713
ck_38ba4a6b6a292054,0.0387685149375167
ck_f7a07283345a0dce,0.002199801156042722
ck_87dc484baaf5a23a,0.00025544357893519373
ck_c84ef83489badbfd,0.02067318617885922
ck_a397cd64ec5d644b,0.0017740308303348627
ck_7977135c2ff61e92,0.005926848652719638
ck_52174855b243a8b0,0.031015934395869565
ck_0f35e930d0614613,0.99233904169265
ck_b170a7db522a0d6f,0.0020055024442446772
ck_7af748a23775bd54,0.01494800230567859
ck_52f641c9ee6fda70,0.0030275325443241247
ck_c3719a30414bbb4d,0.004030771387835796
ck_2baf214ad6bc0dbf,0.02380599829667919
ck_8b39d8aacfdd72b4,0.0042352575578524865
ck_d39b0152116203be,0.008966404574247565
ck_ed33f8a937f9c7c8,0.004232800778340508
ck_8ef97b55a5fd6ec9,0.0010634329020688016
ck_8247f008a14bd1a2,0.0021468332448501644
ck_f0d349d68249d5db,0.0009793660416807695
ck_a544e766540861fc,0.0051761166574065594
ck_9dfaca4c7c80b10d,0.07932627256721157
ck_7e5401c362b2216a,0.00032465448762265505
ck_64ff60c073fdb6db,0.008085190050787576
ck_fc5ea49518e5d637,0.0008777680827447695
ck_580f136ced341298,0.0013157769603758154
ck_9cbef9bc95449dca,0.010268182453710362
ck_e475a3b8ba870a7e,0.0015458147130573867
ck_97e94708bcf43563,0.0041529446777341895
ck_13f03ec785cbdae1,0.0021345783730382702
ck_152820d8817f478c,0.002381863259579721
ck_d20d4ba60eec9945,0.008799506382913725
ck_5c45968a805132e0,0.010288535097938667
ck_bebea2cf3063fb24,0.0063905835855652135
ck_c3c69aefe7ea1d2f,0.0036703917382004893
ck_02028b72f26fe855,0.009445184577443222
ck_dfadff70a58a9133,0.0011991834213783501
ck_6482ed4491bedcaf,0.0020983855053219643
ck_754cd7b4a5ae3f94,0.07625804626823697
ck_3132857aec8485bc,0.0006556271688449305
ck_7ce4ca91b8f9f1c1,0.0023867347570636446
ck_41938582f4351772,0.005023300136969298
ck_f87d66946252476c,0.03850290168290461
ck_8053f1879a9b4e43,0.0029830247848943846
ck_93892e91387f5103,0.007648262013625407
ck_15254db133b28371,0.17789134716585583
ck_d557b9feb241b3ec,0.00039528865278182056
ck_71c3a8e4c12c989f,0.0020217972866578607
ck_80e3041811033443,0.03089350207192489
ck_3380d60067b4634b,0.0011224028151874297
ck_a9c2cdc758df8510,0.010855810057071548
ck_3c0031d7514da17b,0.016466175611016712
ck_18d214b1418be39d,0.004013810977520407
ck_7ce768407fd48321,0.010816928752725163
ck_7a50abd42298133b,0.0023872259787355837
ck_2db10f987d137582,0.06638744945940446
ck_e077d004cd1d80ae,0.009045673932436417
ck_1cb6dc67f9a321b5,0.002413780986704444
ck_b864f64101149c35,0.8904895916559022
ck_9bedf54df9418e4a,0.010903836141415624
ck_c47e32c47f0e6578,0.1624447334544654
ck_71f382d5e338daa3,0.002741738656468873
ck_14b4bf7be6ac2b61,0.030519995632749597
ck_5c87eea1cc07cc92,0.05073851142532526
ck_5f445182829ef342,0.013503034321286661
ck_a5d7311291caaa54,0.0011191193153656236
ck_b7df99aecef385e6,0.03515639275241569
ck_3327a0582407068b,0.007166459505860967
ck_08dba09fd7dab896,0.022462916465578523
ck_f4ec334be5266378,0.004941149808940567
ck_240f7f894c5a86e7,0.00287941803748683
ck_a9d994554fc14a02,0.00029155010136234306
ck_13648cbd306eee6d,0.009484785977106986
ck_601edf9105b3c321,0.9954556583546971
ck_9527adac182abe57,0.8164527450005985
ck_4e0e80f5cc271bf7,0.0007027588606907829
ck_96a89e720176b389,0.024803111257072363
ck_63560eec94b76d2f,0.007975543099772177
ck_c9c99e5b19aeced8,0.0006776748686628111
ck_bc32655ee5ed643e,0.008925307009258594
ck_edccb5a93b741744,0.0023689178593337104
ck_f786cbc987b70930,0.001422579428610727
ck_0e8f26536ccc8947,0.0122818915691525
ck_b87ef4b98cfcec4c,0.008484651868381083
ck_1a9235812de4b2c1,0.007404109719338072
ck_d1ed88ea4211ba4d,0.002953425364771387
ck_a4ddac49657a4450,0.003378405735793455
ck_d9ffca35188e49d8,0.017405332885784594
ck_3db73bbe03c3d240,0.0008328303155253412
ck_fffa0622344a36ab,0.0011972069223328146
ck_148c28df51bba5e9,0.9463082284050751
ck_076cbc25c8f15fc3,0.9744660815043136
ck_e5ca550b39ed45bf,0.8651705697073276
ck_8dacf3a2061ca17d,0.0024575824470862945
ck_2d7394afd61643d0,0.002937989039959991
ck_e42206e91f6a1752,0.00036896175919910924
ck_2f4f94827984c426,0.006466635322289939
ck_edfe8e90e8f4366e,0.0014747243741777985
ck_646b15f753e5e9c6,0.023991893976937458
ck_66600620149c8799,0.004956960986835624
ck_4ff6fc70bccfba96,0.4005948860944113
ck_41af3729590c2484,0.005863977617491902
ck_920a48ba8c583e96,0.0013426106473826763
ck_0253b3e7be021306,0.0009554218494777529
ck_2ae6949246ea2648,0.003215042976396468
ck_db23a5100f338d72,0.0033241402572369246
ck_fcb2a559474c3493,0.0062751011908116884
ck_0a4d7acd2a53cbbd,0.0048769143095298
ck_c5d62b2b7a6f3bac,0.9876801708057034
ck_cf59f4fc0ea690b2,0.008858280770416739
ck_837be8126bb19250,0.0005463796358108837
ck_58955542edee1adc,0.00046235783804259397
ck_1b93381d8eea58d1,0.0027397469815537254
ck_97b8e05d62abdc14,0.0051375897690894585
ck_71a0d645744302a3,0.002399114744253245
ck_a7b57882ab66b111,0.000496808102850853
ck_65f76421be648549,0.0033464707977717023
ck_b53ea8713d32ca7c,0.01403580594142202
ck_991c4c924a1d85ff,0.9017219642958452
ck_8432ccec1a4ec7fd,0.9948310693902079
ck_64c1633297f43788,0.0007794065737676941
ck_4291fd9c1161d8e1,0.03256627900956573
ck_5e98ed6391d9f429,0.016496526730606538
ck_c7baebe4549fdbb4,0.027339638022152668
ck_6e67225ba59fa5ae,0.012060753268564567
ck_719602def4d35fe0,0.012635095398696658
ck_bdee7c86f5ebe81f,0.0074373227208691375
ck_8de38f8c7f91961f,0.03918356342099959
ck_b0b5bf9254700402,0.003071644976104907
ck_7b55d9bb1a250d4f,0.031861311689313256
ck_3954b7b0fd1d6614,0.0007896960597831666
ck_f29471fe7c818d6a,0.0017103125080086491
ck_9e65a8a2f587691a,0.0043464141472126065
ck_eaec5f1a83b66eb0,0.12249051197745481
ck_004fe0daecbe2c1a,0.4845894126285415
ck_d17653a4a2d4a79e,0.031076288274459282
ck_0dd417fcbf19e424,0.005041696343889278
ck_4c99a6eadea143e2,0.028245877800445237
ck_74d602c907ee9119,0.0007135223656594002
ck_1aa87cb62acc0ac6,0.006287062214991072
ck_094974d75e29fb2f,0.04201112554057651
ck_5ef935ac3d4d3332,0.012191978895456123
ck_b26e4ae47c9107ed,0.6883402283074305
ck_396cea6f95186ad2,0.029696610717367882
ck_48446a9e8184c7d4,0.0009449768087328058
ck_31e1ede23247d56b,0.013122136635092216
ck_7afefa349b960a3e,0.0038905332994169386
ck_f5e02a3432571b20,0.2517994092578722
ck_64eefec062592c43,0.00643712324289214
ck_a1201284122c141f,0.010170952693414946
ck_1b34c420a4c85a95,0.002426969640526149
ck_d637a011332ba67a,0.0030309844406890183
ck_99c0004d8b7079f8,0.0014537753363162013
ck_948517bad569b40f,0.0646879644240088
ck_a28d6b1601b472a6,0.027588762251147692
ck_a0b4209feb31f5c0,0.9970653277278559
ck_d6d2c1f6dfc455b6,0.5942363915796928
ck_3f9e6d356d3dd3cf,0.0006825663365306382
ck_d08e00c842b75176,0.0030495348351345236
ck_bfdd232a7c5f2660,0.0498973299002091
ck_2cdad03ed069438c,0.01150022106673005
ck_42317c3eabd0a285,0.9007399222195097
ck_3eb73e56751c704d,0.010627886689465299
ck_ef33c04f4c9e3758,0.010483287311080171
ck_1dc23dc870f1773d,0.007565283842599568
ck_76091f357974a152,0.007956584515436006
ck_4d9eb75e8eee90fd,0.011912344740796804
ck_578f67e69e5d2cfd,0.0010761903474051056
ck_3a8ce1cc724229b8,0.00033388888144653437
ck_a96887f841e80fc1,0.05038787625029973
ck_d2d4a8f4a9f2c33f,0.0070552431783829465
ck_11f85bc705dbe036,0.018976548995201962
ck_7429b3f87528e335,0.003477511104481818
ck_26df74feac7ec51d,0.00512477974908462
ck_c78b2638fadd91ab,0.01343398898942093
ck_7eaad325abe3b50c,0.001052947201508281
ck_fd44e34af620e606,0.02345237395223181
ck_f99738dff854e25f,0.0007647886615128261
ck_1ffbce3a239bb264,0.0026236814955207404
ck_96c7d52ba0a766ef,0.006633037303527523
ck_cb1c00c300af3f9e,0.08784525693379393
ck_ec3d12848ced99f2,0.06207907196515882
ck_26cfd7c3c6c7bf69,0.0031309069038925968
ck_7ae86b5a885affc3,0.1080444321407417
ck_3edaa94d28cd48ea,0.005452868948189328
ck_3209c530c9812e39,0.0008853884285142164
ck_ea62ebfc1f04b49a,0.0010067300869581435
ck_5fc90b4668ea81bf,0.008872781985190889
ck_95654593cdebd141,0.00143656830523293
ck_958c0bd61820147f,0.02466720046762118
ck_8440ef1386c07194,0.0035893428917320694
ck_8cd1b68dd74b1375,0.23824161565035484
ck_c9eb4df91ff07f2c,0.010208095671964996
ck_c29489366c01fe65,0.9641437634086562
ck_c965fd6bec0f0ecd,0.01497953020058502
ck_84c402b23766e1f2,0.006520859608967952
ck_181f3dae03b87136,0.026583845896753278
ck_022a8ae79eb28cf6,0.9854783132662416
ck_469c17407d17b706,0.008488666981550643
ck_1fcc5843f39148a9,0.0008151112544903298
ck_5debd55f361b2ddf,0.0021264570754202885
ck_28cb9b03e89263f1,0.0013680589885813638
ck_f067470743d3c7a2,0.029730667882975514
ck_d5d225ce41a1a762,0.005057527061562522
ck_15b4840922195ffd,0.007379857341555982
ck_6bcfa37c717f19f1,0.01745405922572743
ck_8d501a0386c66be8,0.14985987833236106
ck_1a9d6190c57ea7e2,0.46728812153511984
ck_c49832eabdac5bb7,0.0006671254332005883
ck_b4331140b2e0d4aa,0.0021926817661075525
ck_5efbea1befdefe1b,0.09959869528465716
ck_72ff52c4824072ce,0.016612286324869205
ck_ec3715add8bbb6e9,0.001651172288243825
ck_9822f8ed05335741,0.009004240511428207
ck_c3d7d3d12a1981a3,0.0036538252363676137
ck_a115a7919ac5875a,0.019757406573021465
ck_4dd4ed23e0b927b7,0.10891257045114418
ck_4c76efcc1ee6762d,0.007352478794176273
ck_3ad6e7bf452c9b21,0.0035060496432522824
ck_dcbab304b55a42c7,0.01967099743387308
ck_24b53090faf722cf,0.002922107097882612
ck_187317383400491d,0.006462137851416399
ck_e07fd57565c94c28,0.016082098653043143
ck_740e760fdcd27835,0.0016501879243695607
ck_d3796aebda1cfed5,0.8717326372851261
ck_e541967c681cb929,0.09334739383541814
ck_431118050b834dcb,0.0005437993527789927
ck_90f3655f0c8a0074,0.0010646053918618003
ck_13cd943777651aac,0.014582525543077485
ck_66accecabf3901c0,0.01777880935994143
ck_937f0da2306b2eb9,0.00124143245499922
ck_105b0c93573fd5b7,0.8552453920374813
ck_00480407160e0743,0.0022936989606966184
ck_e032068be7b77d15,0.006755519976982586
ck_991b7dfd69098320,0.0003606380714697021
ck_37d47cf0f34574a2,0.0009716702457448875
ck_011551a596544f5d,0.0034120048764873048
ck_9acd98f4fe2d474e,0.08051497731631053
ck_7c88d3d377bb61bb,0.005073107998546075
ck_e2374c7136c964fd,0.014638540922639455
ck_2fa8f2577116e9ca,0.17850251976836484
ck_d07c5b0321c685ea,0.022305697877835
ck_bc736114a31088a7,0.004165245336209166
ck_32bb42f9bff197f8,0.0031769059465218932
ck_66267bbad1f1415f,0.9945644847283107
ck_19988702ccd79201,0.003394086691610974
ck_f473a03fbcdbc4b0,0.0016118975346372582
ck_e3f1d85fa5d49396,0.006086412175265655
ck_c4402ea6291df271,0.014164888495164632
ck_243bd5ca8c4ae5d0,0.003318826558533791
ck_f271e855925e8d6b,0.10451409826318918
ck_e424148c6f2223df,0.0020858722073395807
ck_e4d0a9e1102a58b5,0.0028579187658277516
ck_91c2a5fe69b9b1d1,0.006536644521770422
ck_5fd8924732fe403e,0.7073303976740987
ck_9a881d5433126ada,0.0027816343741282504
ck_73cab88b29c7845d,0.04919964174927347
ck_5b5dea6476d4e182,0.014138624690826914
ck_ccccb17d2ca6ce94,0.03122889308612914
ck_cd1dc68e441222b1,0.9636234597624626
ck_8312c49b1431a406,0.0048640850890530425
ck_25fea39897f2a559,0.003463701695511412
ck_f56200205280bddf,0.022438377481181156
ck_7336611650dcc088,0.007825238221346769
ck_590716322ff147ae,0.03163647218376465
ck_c82364d87875a1a1,0.008224273422374037
ck_fa4b60387d744fc5,0.0006580381512083614
ck_d841eba8906e9a15,0.0016864911984887782
ck_d6df562a79b9d0d9,0.0056760779826415175
ck_59a14d2564193101,0.0016627668658470965
ck_8530158e3d7f59e7,0.0030720247364936066
ck_ac68d707006c12a8,0.004885349343500254
ck_976fac1bb3dd8c58,0.010413904634413182
ck_f854fba8f4adae3d,0.12290825693428141
ck_b98e9c3ec6e7d1e7,0.005451733369302029
ck_803c0b4cf9d4bc1d,0.006840017122801422
ck_76997a33c3ea5107,0.0004532686151374134
ck_f1a9d832b700bda1,0.9861029880554656
ck_2bd96ddb8c323d63,0.9923728656222693
ck_9e5b7acf51b1b743,0.006908538774485468
ck_09169f22194fd6aa,0.020424189504695323
ck_6d69e092f9b0848b,0.014127855498186454
ck_9f83fa5a2d3b9049,0.0036107542452036407
ck_57bbb19eecb4b87c,0.0013221688898981375
ck_e0e9cfabb979f428,0.0023242050974198853
ck_b1ff9edc51d42f97,0.0034980811814895843
ck_4682fad271d47eb0,0.9562873631763696
ck_ab33fb754c818ae3,0.015619498973751885
ck_b456f62b80e21557,0.00048347835977224706
ck_16340be3f2a7fffd,0.0011269269959784311
ck_ce66831f6611014c,0.00575579256956226
ck_4610a073bb54d1b1,0.013056961558373348
ck_fd038a7d33a9d6e5,0.0008839647723685094
ck_c8198cb4c461304f,0.01732220218745478
ck_1e7de58822000dea,0.003149232347938943
ck_b2a79dd3df560f14,0.009614738930469236
ck_74a06f347b32347f,0.004037829917481279
ck_c6fdb2972417c9bd,0.011735170167028958
ck_d7607a213b800bfb,0.014185113373500995
ck_df65967b8b40319c,0.0010279820180862326
ck_329a73dbd585ee09,0.009891078645150741
ck_74991a9e85c3b07d,0.007409738403543204
ck_bb76609b79e0bc9f,0.008544335666450919
ck_f7fc1bd0b9ab1fa4,0.025713153139444684
ck_d111c98b36bdb791,0.002229055472038231
ck_f07e27d125497b66,0.055544265642711976
ck_093e3a7134e11d6b,0.0027795568838728632
ck_862c7953bdea48b0,0.0062548982104355085
ck_392cf2cdd515c34d,0.002466214039911412
ck_80eb91b0b4001084,0.033163046611480236
ck_5923f53b77193a58,0.15763051342968495
ck_8049f5fce32be185,0.7381222605185754
ck_ebc5a2c6cf88e252,0.0161686950875613
ck_9ea5872f14cce338,0.009565333258120293
ck_f7fbc95ebf584379,0.005299149789483512
ck_bafe82c870356706,0.9916606993333179
ck_278b36c5932d9bff,0.0008194852803211885
ck_6a892dd5d05c1649,0.004222763204121006
ck_0734fd90b2cabd43,0.007492892433433458
ck_9b552204498b6762,0.015886499342708523
ck_f6c909c205767956,0.021469083628519625
ck_32f590e87bc3d715,0.000345366734440715
ck_66a8325f28be7562,0.002105762714590646
ck_b129261da9c3c3c9,0.002969196466916764
ck_a524071c51ddde20,0.02275394873327231
ck_ba576d6d4cb6130b,0.05537658746420956
ck_8d8226520722af78,0.017915527274510918
ck_c5b0f0d4f1655a20,0.01585463675365349
ck_61814ae9b6d8eab1,0.0023909649403379154
ck_382ebf136f7fa337,0.20559301528665216
ck_423ff4ede6a9f066,0.015571197636282572
ck_546ad962d04b7de4,0.9950610091417259
ck_9473ea4a01c95f9a,0.026543264137200196
ck_9eb1da8cd35a50ce,0.002953488468135791
ck_de5eaa2cdbcb67ff,0.03972749259138807
ck_537cc97d0398c922,0.03924001543403624
ck_998475a2e4dfad4e,0.0032701538231981915
ck_e62eb708d2688fae,0.0117978696862994
ck_ea623358f704daa7,0.06687994070397213
ck_b911a09f328dfd4b,0.0013546832477000172
ck_4b3506b624e5193c,0.02505616568799539
ck_448456f96788713b,0.01117259086081115
ck_5d5ef9e75f65d076,0.02044837832028582
ck_3b74512f774a6e5a,0.0027597941927567406
ck_a032e8ac1507c6df,0.9161737121153503
ck_7e2d6b22a0ae20c2,0.017130818784998256
ck_d80283209c963f11,0.004598951038245437
ck_d1157eade2ac3975,0.009094729841409991
ck_be48f583f79427f7,0.010182276878884561
ck_0027b5d4107d65d8,0.009999093209464812
ck_94fff69584dd3b2a,0.02848639089706267
ck_75fcda73f0b43557,0.005515424259965348
ck_a1c78972e4ee4082,0.011116303936873607
ck_f0982bbdbd122f91,0.011341065740595025
ck_3199b471575aeb3a,0.0011656795984131064
ck_7fa947a0b1c1cf74,0.025673177491367587
ck_a60c618b7f0e4252,0.002098584403355941
ck_722ac47c8ac9b6c3,0.8668311642819372
ck_d44dc3839a195c8a,0.005500232394917271
ck_a2c3e82fab520483,0.004813264857795793
ck_6f8ae0319c07cafe,0.0023277504980320283
ck_49886ff1e2c759d6,0.007112850768505565
ck_150a1108f936e6b0,0.0013146756218931782
ck_e21f9f96f597695b,0.005955530487450999
ck_7297bff2b7fdcbc8,0.0003743844316471181
ck_ee949c71f4f702eb,0.989895146394219
ck_6fc37dea4b4f35c6,0.036100547151424404
ck_e76257caa98dc25d,0.9759800678997673
ck_828eef2334e17b3a,0.019127856256685286
ck_604e1b8a8c693aa7,0.002065881285189591
ck_7743c9fe037d1f9e,0.01293097207688324
ck_864a11202e19e812,0.14410607104348794
ck_4ec040b9e3785e4a,0.0003832596994567988
ck_7346e4f820d9c00a,0.9421873372160215
ck_48d4d63beb26b623,0.005813455255369768
ck_c423aa6de3ed1e01,0.0023922563366336313
ck_d74b2ead8aaa3f73,0.006748147127139294
ck_1dd69a11daa7bf1a,0.009066430720822227
ck_d9143e236eef177f,0.02226701383749768
ck_f790d91e5ff0eccd,0.2610293936302773
ck_69b5620e00ef5dec,0.000771143893015035
ck_cd32e58e8a1c0e85,0.0051144859954451935
ck_064013b0957d87a5,0.9966395611452873
ck_a481385c2e60dc4a,0.0012812648671090812
ck_d72035cb29db3aa4,0.018104545363726764
ck_3759939a0205306d,0.003408524575008767
ck_f437a53fc832ec95,0.8793974308632319
ck_260ef2f3e6434819,0.03363742256696549
ck_35e411b05d22f663,0.005507713179907452
ck_8bf46e472f3e20de,0.1295868162332627
ck_d546994fc5d3e9d1,0.0067633918960627315
ck_6ff0fc7487e737e7,0.46786917008048395
ck_5c67f27816ae0b6f,0.018973086816213423
ck_c5517923458106ae,0.002839097870469395
ck_d9735647a6b0b0a7,0.35953441868059527
ck_541a734fc457246f,0.011970646824287149
ck_2f6a639468f41043,0.002531213775248462
ck_bea2cf7a6b7bb900,0.0030744580688822384
ck_7eebd0e6ad6c070e,0.0028349953483596288
ck_b64c87d5e3b10e6a,0.9120857177020975
ck_9dd7daacb7833233,0.005720623652914419
ck_396e9ea9a6c6d7d9,0.01710265112984924
ck_1645e6cc53fa99ff,0.011021840035828059
ck_ea2a83ccb8d57490,0.0015085161127059534
ck_e64f0df63e1be595,0.02053301482673396
ck_fa0b234481cb57d3,0.008183040846365305
ck_63379e3c9fe6f711,0.02490837561115405
ck_c67f7944896a0310,0.09466821737619487
ck_c10e54c9db29e6ef,0.9957617022035858
ck_7184ad7709ae4c80,0.01825994995835673
ck_f8b6069d7577fde6,0.0023989994797389796
ck_18444be153bac1ca,0.9027389171576795
ck_d0982b4e0e118e4d,0.003676413519711767
ck_6faf3e6820398866,0.010074367338262434
ck_97e980463aca4644,0.0013810653612750725
ck_630c835243c66b19,0.9917578202372085
ck_fe429ba3e1aa0e4f,0.014495074307752293
ck_1058129ed7b48c59,0.012237813160949018
ck_04a1a46f07885296,0.005550476685010213
ck_f01e94331067edf6,0.003934004293314136
ck_77b2fb17c29f5e72,0.0071029866184009055
ck_4f0c5857da45fb28,0.05181448041285467
ck_2cfb9a7775e8a5bc,0.9740291656778686
ck_6846100e43659bf3,0.011284141116262553
ck_f89719a854fe11d7,0.01975494194897187
ck_bf47375e41ca3bc0,0.0006600286531972177
ck_2770b0400a7bef08,0.031094499190308714
ck_2a09d142de1c77ff,0.00904383658077512
ck_857a1f5547b9ad68,0.010634360401021349
ck_185f15b1523bbcf4,0.0030128269604561635
ck_ab2aed614ec1cdf8,0.028035617814118504
ck_a9e7f3b2d5dfd97b,0.003636360002053886
ck_0eeb3d9b3e697edb,0.013394016848907397
ck_fa5830d81bc8ddc1,0.0012867725795084701
ck_231ae0329ebc3220,0.0010138746872262782
ck_1587763dd54688c9,0.002404834760841362
ck_9f85fea4490c00cf,0.004568574009777031
ck_a2d709e7eb91e4af,0.042503920782283766
ck_43637d28c7216453,0.0012329619989833254
ck_f3ab5dd853d38252,0.006935146577327367
ck_4a1f0172d3bf4fd3,0.008401175672261995
ck_517620ca16505af0,0.003967292014386609
ck_9ae904fbef56065c,0.000942183228444782
ck_d5ef1f6e34bb35b8,0.03729100712957097
ck_ff42557857ae3aeb,0.0011320274278425993
ck_ad9a18f58589faa7,0.0016200281991556383
ck_df1a6edaa3e6b271,0.0016775679469763025
ck_99021fe7225b5a68,0.023559130091442292
ck_99e52c3c2530b69e,0.9955308263971561
ck_3a4811dc4a1a891d,0.002212714614821494
ck_ba3a6be026c87079,0.005036084335667597
ck_da6d1e5cf6aba6fd,0.0027600125012071284
ck_ddc7c1f3d45fe6e6,0.009557141540327543
ck_e1b1e7a7e4a15b3e,0.0030877976837876235
ck_8288f7f226e08b89,0.005999230065856047
ck_c4524993ec31dbe5,0.0013932282232698356
ck_8b19bb5b23b6741c,0.022992162854645212
ck_d21b38231a8a9f4a,0.08190560217894609
ck_3f730318a9792292,0.005231649972609685
ck_a4db6e94a8f77f9d,0.04715205636991129
ck_a8cac8d480306839,0.0007997790786204701
ck_5472214011fbc2a7,0.0014993248764812418
ck_7356f47dbbbe7904,0.0017041716445955317
ck_16801e628e883d78,0.008208556005455961
ck_0dc1e536231c4860,0.012747818951386698
ck_7cd0634a6e60af83,0.011244531416281544
ck_ef6f8e048ae1bd4b,0.0051991961173441245
ck_82f3f744209888ac,0.012155297286090544
ck_f33188c232a03526,0.16116964141003984
ck_4a59f4e10bf45d7f,0.0015018500155099927
ck_d96c893721385e4e,0.006689379518709925
ck_f65ab819373edb37,0.012033374745001773
ck_21cac21fc10b7768,0.0017008464320053365
ck_139b54e6ccbdd7da,0.2066744643565023
ck_d6f5c8741697abb3,0.011868260323082134
ck_a28d9bb5590d458f,0.08557226668559786
ck_ed26d906883bea0a,0.0019115625902530022
ck_227602ad072b838b,0.0014036439843866458
ck_39d5f6c17c745ab1,0.0015298399937723967
ck_744eade757ba69b5,0.02875362216061003
ck_c1295d97cdf35ec2,0.006331440362932897
ck_69105f881da3c821,0.02003538349194637
ck_933789b55361d7c1,0.6682063039414053
ck_b667952253503174,0.002048602251150213
ck_7bf668e25abeeb05,0.001848129187033939
ck_91742711dfdffd56,0.007852566460804815
ck_af32a0660090dd68,0.017796963208608543
ck_2122f201e65f76ee,0.0030446905194868087
ck_f48acb73a5d6af07,0.19548357175038913
ck_337c5684510cf432,0.018286326158121455
ck_f7bde7265053364d,0.003672772469508284
ck_c190c7b924edba75,0.009338110908544849
ck_044fa3b3a003f0b5,0.007087519967284582
ck_87eb43e3b9d96169,0.09509634072268765
ck_2d3d6c9364362017,0.00034207164811131564
ck_ac55dc6cbcdf8228,0.026008589523815545
ck_61d7b0568ec5d6cf,0.030357842443533064
ck_89c74feeaffa7d09,0.0005652318523413159
ck_93776b0c113f41f0,0.06997287319634878
ck_15e0b679931f7a8d,0.003524307386319842
ck_77b56c49cfdb1d81,0.041505374797066945
ck_73188a826b5f499f,0.0016567921411437979
ck_4f463ef25325ddfa,0.8349950605551356
ck_863db2e394dc47d1,0.9837907660238744
ck_d52432ed597f3cc9,0.0016491804648247476
ck_04fb61e5739642f8,0.018386364509834233
ck_2e481d75d110c06d,0.06604470452587403
ck_3fa1a523d77cd619,0.023537711906769603
ck_466dc6274fecd708,0.001894960852120824
ck_e1790b3aa2241b10,0.9400683705294893
ck_84ad096a46e1a960,0.014900725227897172
ck_3be72c9c178fa00d,0.02025746217927327
ck_5a17c89219d1d9fe,0.0064714129105933015
ck_4f639f4ee6ce8d9e,0.028265981630176063
ck_f4ec4a935e51b4db,0.013323010333251341
ck_f04040a830f92bac,0.0038856143497280845
ck_3e4d02a04be2aaf8,0.0059448817592792115
ck_4d1baef193cfb900,0.005515262255288763
ck_0fb3153d37626b75,0.00021370825923496008
ck_88ec57a11b11f702,0.9365463659652806
ck_dca9dc465f759db4,0.006342815975860824
ck_64f5fba6af67e024,0.004067938410696672
ck_896096cb167254ef,0.036815259674713996
ck_7878679065876b98,0.007069820129848699
ck_fe8e5a6c880ceb4e,0.004445742254637767
ck_a5e036327d3d1862,0.0005056810861541133
ck_310f73940fc4cf4f,0.029938453671089483
ck_46a8db16ad00b749,0.010252302045292963
ck_0d33977c3de8cfaf,0.9957190218183788
ck_c6fff412f531db0f,0.0004748524758580201
ck_bac6dadf428eaea9,0.006896473647469835
ck_1b96d9af0d7da2d5,0.0020458978138462795
ck_fa8a4a9e77799fcc,0.0033328793726437613
ck_0bf48607a874b4d1,0.00061811620353692
ck_eeb75f8a6439f65e,0.006074957980801644
ck_a209a5f7d172125e,0.002805619411338328
ck_8f346b72fb40bf14,0.0013557042272591766
ck_bccbf9fef367f00f,0.016395220832325374
ck_2d1548f1ee405cc9,0.0054581367383170105
ck_e8298ff2dc1e9d50,0.0017876903295771702
ck_77c0fb524edb4a94,0.003846020996876561
ck_28ac4c5134cb8e77,0.012015953726903958
ck_db23a0e3e54be60c,0.531566779964367
ck_a059d00cee5cee99,0.002090368684198114
ck_3e9e3bba8bd363af,0.0007074094151147928
ck_0428728df24cdab4,0.0016408224714285994
ck_88cd35378075c84f,0.000640512566267242
ck_0174d76398d9dc0f,0.01873286082644275
ck_3f1287e6c27de0dc,0.007467719016645596
ck_ff822700f3605e06,0.9971005903230253
ck_4563227b2038ae07,0.10822602075663894
ck_788e78065526ee19,0.009551898710118871
ck_8a16eb584093b12f,0.0009527397738610114
ck_cc276f71ab6c08fd,0.041504134451272705
ck_d61d97b21002f3e9,0.013100959229399668
ck_4b2e87d86a5e415c,0.010208596406550571
ck_3e6f35e4500d2f2a,0.0035036132569553793
ck_3acdb083e0d8ad61,0.0011847203883925022
ck_cd655202db489010,0.0006609288633391574
ck_829cbf5ccda481ae,0.0045197622449654725
ck_f5882e6f98b8b4cd,0.0009408378532514331
ck_767947540b234add,0.002061643264723729
ck_a6e8e8f535b1f1d1,0.016952396888816675
ck_58412a2674fea506,0.005293323791608973
ck_fae7e518a585fa61,0.008525664183412773
ck_9c60ae6958d68dbd,0.029872614861668378
ck_328696b8f5e54ec6,0.07010539397516553
ck_7df3f8f4f1068d62,0.0027009586241113787
ck_cfadd21458230ef7,0.0040033349810661535
ck_7048bedd554c703b,0.0007873538257557247
ck_50422466f145bfd7,0.0012916482156284579
ck_61e1f7168cd9ff25,0.009733874255435657
ck_733aff0f56f5b3c9,0.1119782554880673
ck_e14892e424180549,0.0018799531597600558
ck_03f6664a96de7d0f,0.008183615650873352
ck_b7f4baa2cc82fe61,0.0038816809230771115
ck_1e51199a075ca0fa,0.002109938959169741
ck_0e70516fa07cfb17,0.883832370610612
ck_0f37c554a5057801,0.8963945979467135
ck_5576b725de38d106,0.006139490670779616
ck_82f360df1e9f4eb8,0.02606385678265588
ck_395f3bd4aacd7ca6,0.0036028218616018584
ck_5e8e857b63966609,0.31286254219925597
ck_93470896f0804b6b,0.9482944478398685
ck_3be854e42e76569a,0.003338815825003573
ck_0567302c57a2417e,0.01751970576314312
ck_ee535461b5f05539,0.8484454836359134
ck_94a096c36162a153,0.008713234072222817
ck_dfc8f5c141fd7c63,0.0037278943195813586
ck_98b34f2d704c1c2a,0.006239925585310055
ck_96dff7a09d45f116,0.016329616328825625
ck_79557434c129ba52,0.0034961498195901688
ck_4596624a7c01d501,0.00612094574481874
ck_04e89fbd739243fa,0.0008060673844134365
ck_6149ffaf18872dc8,0.0007179642542106522
ck_cd78f0832a09bd8f,0.739763531664043
ck_7e29c10d781c3b41,0.003256682038978389
ck_1f7ee7b23fc6f2f4,0.0032130690164689202
ck_c49b685d2b3ab89a,0.0025766666550898903
ck_84569a8fc50e73ac,0.00639195256586068
ck_b92b11d205af91eb,0.00022539562758912548
ck_06280e6d6d2485b0,0.0030990059138457093
ck_3c08546dd0c92863,0.004048053224856347
ck_99d3983f907828bf,0.0013689541564887119
ck_eccfd552aa652d3c,0.013035052985396416
ck_0cff8153881875ba,0.004962551791316054
ck_c1aebbeca6ab5ff9,0.0036610848792179413
ck_538fdbbb3c2bcbbb,0.0471578005345683
ck_8c0210322733c718,0.0036210447558352524
ck_0b0c93039f987abc,0.003111856784716404
ck_6d07d6d1bd227d37,0.06253608861787796
ck_9b6ee35e8cd0b11c,0.0008479934052842885
ck_d838491d3d4f5ecf,0.007175427049804899
ck_0593ae243a9ebee9,0.003827610358411541
ck_ef261fc09be8eb0b,0.0023102512026521977
ck_d0935b571a4a3868,0.011928479109613201
ck_97d04a67a104af39,0.03378032677111156
ck_e25f70d0b7229420,0.020916960765608825
ck_9b71274ff83de482,0.9220101774144797
ck_6de2aa2bb60978d3,0.00508727965045389
ck_eda55c8fb47593d7,0.0023965343131831184
ck_924e572517515f19,0.6545719150987276
ck_d6f27eacbad310f4,0.004976351192690365
ck_8550f229b5eb03ab,0.0012853453461990451
ck_e3e95546a84d0ed8,0.010957666539085172
ck_3135c019696ee6af,0.9832355871047317
ck_41ba315d8fccb559,0.0064128648350428455
ck_72b86e4485da2d0f,0.9873528924535532
ck_daaa995f3c2f0e47,0.016123121137225055
ck_053746067839696b,0.008777013452652813
ck_a15fe7d0f4b65c33,0.8215724513186369
ck_15de11438732bb05,0.003807139261351507
ck_2c4d25acbe3fabd9,0.004474825696471362
ck_7f08078908599bd2,0.05028253733577357
ck_e794741742fb2619,0.008639462227305413
ck_238e53b6dee8c301,0.0011618701695638772
ck_53a6a33060d5c8b8,0.004774802544886977
ck_0e0919292ad33472,0.9635114632142324
ck_d86ccf148c06c8c8,0.10106364885088619
ck_c881f26c9bf9ae42,0.4912000430713297
ck_4b0947bf94e9d847,0.011528223843053971
ck_e10ff5c38bd18470,0.010041800885723018
ck_b60de9e97aad9e45,0.9697043927669066
ck_190bc849e5ff5401,0.012993016114894658
ck_e7be077aa0b2632c,0.001776401075727345
ck_a51abde881ebeff3,0.0051375103179277255
ck_2208392a9f6bd249,0.009344293474722638
ck_0259da8f109017e9,0.0015213858807222643
ck_05e01ab9c95449da,0.004451433540452343
ck_c82897ebffb6ae66,0.0040016471224894575
ck_b4a6bb4689cd7cfa,0.013196168416673563
ck_9e21ea33018ce538,0.009022899490011673
ck_caa348f0e65db062,0.9955157810513459
ck_a964e6b5d8415334,0.18664417290516253
ck_510bfbbee37ff436,0.017301803635087928
ck_9741a82faf5c7889,0.014737210542837697
ck_e7f61b4a39ba98ac,0.0006683734395051175
ck_069d158665a53909,0.005707482376591124
ck_6426427efe3228af,0.02022500816558737
ck_ab4a8d02ec3c0fd7,0.0004272320098499462
ck_aefa0d8d933e0eca,0.009260690819580615
ck_232325ef6bce92f1,0.0051506220408464864
ck_14e58c3fb26a2b4d,0.010448839298777386
ck_06e73afdec26aecc,0.09883761748376907
ck_3168f4f2778d64e1,0.008305668148996555
ck_ff3998d6858daa21,0.0006558713302328425
ck_bccff46fb0868454,0.03189870247687538
ck_c7d444d90fa86d7c,0.19597278425772716
ck_f0bc3bdee6bfbb94,0.005994340204436678
ck_f7112818a6d81422,0.01972668841453345
ck_aca35dbcb835ad02,0.005136235282436149
ck_f637fabf0f60528f,0.005356509065930986
ck_53d17ab97de1ac3e,0.005063108221110343
ck_c8c1bf16d9113493,0.03032029532997242
ck_e842fb0cf055a83b,0.030639783447473395
ck_93c0cb3dac4891fe,0.0029161801041345404
ck_0c1f088e17e46daf,0.039310082757303175
ck_8f4b384955bf57c9,0.00389271186110569
ck_09cd5c4df1e81ac2,0.2303603803102037
ck_1e832a5b2342554f,0.0316385305161252
ck_2cb763a881aee27f,0.0017744488129906907
ck_5875828b11406398,0.02131528727867853
ck_48e84b0cb0b90fa7,0.013702640981094858
ck_833688de8629c5c0,0.001057311041744476
ck_117d78ccd5820f36,0.007894256218633659
ck_668ec61c4c39cae3,0.0019351645325838543
ck_73a7794b659d7a34,0.0022590025786612803
ck_10f90d879209734f,0.005581236628853293
ck_d1d079913aa158bf,0.0009217599540495878
ck_01c631b38e8a9535,0.0033737344727314475
ck_f6923088c17a04e2,0.021052325101907295
ck_b447badc9138987d,0.0003039271662228291
ck_8b772caed8f1541c,0.0012686657238594491
ck_5403c76fe68a08ba,0.5924117726032126
ck_3e6833574edf1736,0.01627673741087332
ck_e527fbb9450a4581,0.9766102353063362
ck_cc90e219f1ebf390,0.0015688111729872615
